tank,sample,date,no_leaves,no_leaves_avg,lux_growbed,notes,diseases,height,height_avg,root_length_avg
1,A,2017-07-24,6,NA,NA,NA,green,2.5,NA,NA
1,A,2017-07-26,6,NA,NA,NA,none,2.3,NA,NA
1,A,2017-07-28,7,NA,NA,NA,none,2.4,NA,NA
1,A,2017-07-30,7,NA,NA,NA,none,3.2,NA,NA
1,A,2017-07-31,8,NA,NA,NA,none,3,NA,NA
1,A,2017-08-02,7,NA,NA,NA,stopped straightening leaves,3,NA,NA
1,A,2017-08-05,8,NA,NA,NA,none,3.5,NA,NA
1,A,2017-08-07,NA,NA,NA,NA,none,4.4,NA,NA
1,A,2017-08-09,9,NA,NA,NA,1 dead cot + leaf,4.9,NA,NA
1,A,2017-08-11,11,NA,NA,NA,2 dead cots,5.5,NA,NA
1,A,2017-08-12,9,NA,NA,NA,2 leaves browning,6.1,NA,NA
1,A,2017-08-14,10,NA,NA,NA,1 dead cot,5.5,NA,NA
1,A,2017-08-16,NA,NA,NA,NA,NA,NA,NA,NA
1,A,2017-08-18,NA,NA,NA,NA,NA,NA,NA,NA
1,A,2017-08-21,NA,NA,NA,NA,NA,NA,NA,NA
1,A,2017-08-23,NA,NA,NA,NA,NA,NA,NA,NA
1,A,2017-08-25,NA,NA,NA,NA,NA,NA,NA,NA
1,A,2017-08-28,NA,NA,NA,NA,NA,NA,NA,NA
1,B,2017-07-24,4,NA,NA,NA,purple,0.8,NA,NA
1,B,2017-07-26,4,NA,NA,NA,none,0.8,NA,NA
1,B,2017-07-28,5,NA,NA,NA,none,0.9,NA,NA
1,B,2017-07-30,5,NA,NA,NA,rock wool cube highest,2,NA,NA
1,B,2017-07-31,6,NA,NA,NA,none,1.9,NA,NA
1,B,2017-08-02,6,NA,NA,NA,stopped straightening leaves,1.8,NA,NA
1,B,2017-08-05,7,NA,NA,NA,none,2.6,NA,NA
1,B,2017-08-07,NA,NA,NA,NA,none,3.1,NA,NA
1,B,2017-08-09,7,NA,NA,NA,1 brown cot,4.1,NA,NA
1,B,2017-08-11,8,NA,NA,NA,none,6,NA,NA
1,B,2017-08-12,8,NA,NA,NA,None,5.8,NA,NA
1,B,2017-08-14,8,NA,NA,NA,1 brown string,5.6,NA,NA
1,B,2017-08-16,NA,NA,NA,NA,NA,NA,NA,NA
1,B,2017-08-18,NA,NA,NA,NA,NA,NA,NA,NA
1,B,2017-08-21,NA,NA,NA,NA,NA,NA,NA,NA
1,B,2017-08-23,NA,NA,NA,NA,NA,NA,NA,NA
1,B,2017-08-25,NA,NA,NA,NA,NA,NA,NA,NA
1,B,2017-08-28,NA,NA,NA,NA,NA,NA,NA,NA
1,C,2017-07-24,5,NA,NA,NA,purple,2.4,NA,NA
1,C,2017-07-26,5,NA,NA,NA,none,2.8,NA,NA
1,C,2017-07-28,6,NA,NA,NA,none,3.6,NA,NA
1,C,2017-07-30,7,NA,NA,NA,none,3.9,NA,NA
1,C,2017-07-31,7,NA,NA,NA,none,4.4,NA,NA
1,C,2017-08-02,8,NA,NA,NA,stopped straightening leaves,4.8,NA,NA
1,C,2017-08-05,9,NA,NA,NA,none,5,NA,NA
1,C,2017-08-07,NA,NA,NA,NA,none,5.3,NA,NA
1,C,2017-08-09,8,NA,NA,NA,tip of 2 leaves = brown,6.1,NA,NA
1,C,2017-08-11,9,NA,NA,NA,none,7,NA,NA
1,C,2017-08-12,8,NA,NA,NA,One branch fell on growbed/whtie syrofoam part,9.1,NA,NA
1,C,2017-08-14,7,NA,NA,NA,NA,6.5,NA,NA
1,C,2017-08-16,NA,NA,NA,NA,NA,NA,NA,NA
1,C,2017-08-18,NA,NA,NA,NA,NA,NA,NA,NA
1,C,2017-08-21,NA,NA,NA,NA,Smallest red variety - 7cm,NA,NA,NA
1,C,2017-08-23,NA,NA,NA,NA,NA,NA,NA,NA
1,C,2017-08-25,NA,NA,NA,NA,NA,NA,NA,NA
1,C,2017-08-28,NA,NA,NA,NA,NA,NA,NA,NA
1,D,2017-07-24,5,NA,NA,NA,purple,2.3,NA,NA
1,D,2017-07-26,5,NA,NA,NA,none,2.3,NA,NA
1,D,2017-07-28,5,NA,NA,NA,none,2,NA,NA
1,D,2017-07-30,7,NA,NA,NA,none,3.9,NA,NA
1,D,2017-07-31,7,NA,NA,NA,none,3,NA,NA
1,D,2017-08-02,7,NA,NA,NA,stopped straightening leaves,3.2,NA,NA
1,D,2017-08-05,8,NA,NA,NA,none,3.3,NA,NA
1,D,2017-08-07,NA,NA,NA,NA,none,5.5,NA,NA
1,D,2017-08-09,7,NA,NA,NA,none,6.1,NA,NA
1,D,2017-08-11,8,NA,NA,NA,tilted leaves,5,NA,NA
1,D,2017-08-12,9,NA,NA,NA,None,5.1,NA,NA
1,D,2017-08-14,10,NA,NA,NA,NA,5.5,NA,NA
1,D,2017-08-16,NA,NA,NA,NA,NA,NA,NA,NA
1,D,2017-08-18,NA,NA,NA,NA,NA,NA,NA,NA
1,D,2017-08-21,NA,NA,NA,NA,NA,NA,NA,NA
1,D,2017-08-23,NA,NA,NA,NA,NA,NA,NA,NA
1,D,2017-08-25,NA,NA,NA,NA,NA,NA,NA,NA
1,D,2017-08-28,NA,NA,NA,NA,NA,NA,NA,NA
1,E,2017-07-24,5,NA,NA,NA,green,2.2,NA,NA
1,E,2017-07-26,4,NA,NA,NA,none,2,NA,NA
1,E,2017-07-28,5,NA,NA,NA,none,2.2,NA,NA
1,E,2017-07-30,5,NA,NA,NA,cot yellowing,3.2,NA,NA
1,E,2017-07-31,6,NA,NA,NA,none,4,NA,NA
1,E,2017-08-02,8,NA,NA,NA,stopped straightening leaves,4.2,NA,NA
1,E,2017-08-05,8,NA,NA,NA,none,3.7,NA,NA
1,E,2017-08-07,NA,NA,NA,NA,white flies,5.1,NA,NA
1,E,2017-08-09,8,NA,NA,NA,none,6.6,NA,NA
1,E,2017-08-11,10,NA,NA,NA,none,5.5,NA,NA
1,E,2017-08-12,12,NA,NA,NA,2 edges were browning,5.1,NA,NA
1,E,2017-08-14,16,NA,NA,NA,Very green,5.3,NA,NA
1,E,2017-08-16,NA,NA,NA,NA,NA,NA,NA,NA
1,E,2017-08-18,NA,NA,NA,NA,Larger than other green variety. 20 leaves,NA,NA,NA
1,E,2017-08-21,NA,NA,NA,NA,NA,NA,NA,NA
1,E,2017-08-23,NA,NA,NA,NA,NA,NA,NA,NA
1,E,2017-08-25,NA,NA,NA,NA,NA,NA,NA,NA
1,E,2017-08-28,NA,NA,NA,NA,NA,NA,NA,NA
1,F,2017-07-24,5,NA,NA,NA,purple,1.5,NA,NA
1,F,2017-07-26,5,NA,NA,NA,dead bug on leaf,1.2,NA,NA
1,F,2017-07-28,6,NA,NA,NA,none,1.4,NA,NA
1,F,2017-07-30,6,NA,NA,NA,none,2.5,NA,NA
1,F,2017-07-31,7,NA,NA,NA,none,2.9,NA,NA
1,F,2017-08-02,7,NA,NA,NA,stopped straightening leaves,4,NA,NA
1,F,2017-08-05,7,NA,NA,NA,none,4.7,NA,NA
1,F,2017-08-07,NA,NA,NA,NA,3 leaves turning brown,5.2,NA,NA
1,F,2017-08-09,5,NA,NA,NA,none,5.6,NA,NA
1,F,2017-08-11,5,NA,NA,NA,NA,5.6,NA,NA
1,F,2017-08-12,7,NA,NA,NA,NA,7.5,NA,NA
1,F,2017-08-14,9,NA,NA,NA,NA,7.3,NA,NA
1,F,2017-08-16,NA,NA,NA,NA,NA,NA,NA,NA
1,F,2017-08-18,NA,NA,NA,NA,NA,NA,NA,NA
1,F,2017-08-21,NA,NA,NA,NA,NA,NA,NA,NA
1,F,2017-08-23,NA,NA,NA,NA,NA,NA,NA,NA
1,F,2017-08-25,NA,NA,NA,NA,NA,NA,NA,NA
1,F,2017-08-28,NA,NA,NA,NA,NA,NA,NA,NA
1,G,2017-07-24,5,NA,NA,NA,purple,2.3,NA,NA
1,G,2017-07-26,4,NA,NA,NA,none,2.5,NA,NA
1,G,2017-07-28,5,NA,NA,NA,none,2.6,NA,NA
1,G,2017-07-30,5,NA,NA,NA,none,3,NA,NA
1,G,2017-07-31,7,NA,NA,NA,none,3.4,NA,NA
1,G,2017-08-02,6,NA,NA,NA,stopped straightening leaves,4,NA,NA
1,G,2017-08-05,8,NA,NA,NA,none,5,NA,NA
1,G,2017-08-07,NA,NA,NA,NA,none,4.1,NA,NA
1,G,2017-08-09,8,NA,NA,NA,NA,4.9,NA,NA
1,G,2017-08-11,8,NA,NA,NA,NA,7.5,NA,NA
1,G,2017-08-12,11,NA,NA,NA,NA,8.2,NA,NA
1,G,2017-08-14,12,NA,NA,NA,NA,6.2,NA,NA
1,G,2017-08-16,NA,NA,NA,NA,NA,NA,NA,NA
1,G,2017-08-18,NA,NA,NA,NA,NA,NA,NA,NA
1,G,2017-08-21,NA,NA,NA,NA,NA,NA,NA,NA
1,G,2017-08-23,NA,NA,NA,NA,NA,NA,NA,NA
1,G,2017-08-25,NA,NA,NA,NA,NA,NA,NA,NA
1,G,2017-08-28,NA,NA,NA,NA,NA,NA,NA,NA
1,Growth Bed,2017-07-24,NA,4.769230769230769,NA,NA,NA,NA,1.8846153846153848,NA
1,Growth Bed,2017-07-26,NA,4.846153846153846,NA,NA,NA,NA,1.7692307692307694,NA
1,Growth Bed,2017-07-28,NA,5.384615384615385,NA,NA,NA,NA,2.146153846153846,NA
1,Growth Bed,2017-07-30,NA,6,NA,NA,NA,NA,3,NA
1,Growth Bed,2017-07-31,NA,6.461538461538462,NA,NA,NA,NA,3.1923076923076916,NA
1,Growth Bed,2017-08-02,NA,6.769230769230769,NA,NA,NA,NA,3.3769230769230765,NA
1,Growth Bed,2017-08-05,NA,7.538461538461538,NA,NA,NA,NA,4.0076923076923086,NA
1,Growth Bed,2017-08-07,NA,NA,NA,NA,NA,NA,4.523076923076922,NA
1,Growth Bed,2017-08-09,NA,7.538461538461538,37600,NA,NA,NA,5.376923076923077,20
1,Growth Bed,2017-08-11,NA,8.076923076923077,32400,NA,NA,NA,5.800000000000001,22.5
1,Growth Bed,2017-08-12,NA,8.615384615384619,NA,NA,NA,NA,6.353846153846153,NA
1,Growth Bed,2017-08-14,NA,10.30769230769231,28600,NA,NA,NA,5.615384615384615,16
1,Growth Bed,2017-08-16,NA,15,NA,NA,NA,NA,7,NA
1,Growth Bed,2017-08-18,NA,18,NA,Green leaf and height average smaller than red variety,NA,NA,7,NA
1,Growth Bed,2017-08-21,NA,18,NA,Green variety smaller than red,NA,NA,10,NA
1,Growth Bed,2017-08-23,NA,14.3,NA,"Plants in back right are fuller than front and back left, smallest is green variety",NA,NA,9.75,NA
1,Growth Bed,2017-08-25,NA,15.67,NA,NA,NA,NA,10.33,20.6
1,Growth Bed,2017-08-28,NA,16,NA,Front corner plants (near biofilter inlet) are smaller than others,NA,NA,10.860000000000001,20.830000000000002
1,H,2017-07-24,4,NA,NA,NA,green,1.3,NA,NA
1,H,2017-07-26,6,NA,NA,NA,none,2.9,NA,NA
1,H,2017-07-28,6,NA,NA,NA,none,3.7,NA,NA
1,H,2017-07-30,7,NA,NA,NA,none,4.3,NA,NA
1,H,2017-07-31,6,NA,NA,NA,none,4.4,NA,NA
1,H,2017-08-02,8,NA,NA,NA,stopped straightening leaves,4,NA,NA
1,H,2017-08-05,8,NA,NA,NA,none,5.1,NA,NA
1,H,2017-08-07,NA,NA,NA,NA,none,5,NA,NA
1,H,2017-08-09,9,NA,NA,NA,1 limping leaf,6.3,NA,NA
1,H,2017-08-11,9,NA,NA,NA,NA,8,NA,NA
1,H,2017-08-12,9,NA,NA,NA,NA,8.9,NA,NA
1,H,2017-08-14,14,NA,NA,NA,1 leaf touched water in growbed,4.5,NA,NA
1,H,2017-08-16,NA,NA,NA,NA,NA,NA,NA,NA
1,H,2017-08-18,NA,NA,NA,NA,NA,NA,NA,NA
1,H,2017-08-21,NA,NA,NA,NA,NA,NA,NA,NA
1,H,2017-08-23,NA,NA,NA,NA,NA,NA,NA,NA
1,H,2017-08-25,NA,NA,NA,NA,NA,NA,NA,NA
1,H,2017-08-28,NA,NA,NA,NA,NA,NA,NA,NA
1,I,2017-07-24,5,NA,NA,NA,purple,2.9,NA,NA
1,I,2017-07-26,4,NA,NA,NA,none,1.1,NA,NA
1,I,2017-07-28,4,NA,NA,NA,none,1.5,NA,NA
1,I,2017-07-30,4,NA,NA,NA,none,1.5,NA,NA
1,I,2017-07-31,5,NA,NA,NA,none,2.6,NA,NA
1,I,2017-08-02,5,NA,NA,NA,stopped straightening leaves,2.6,NA,NA
1,I,2017-08-05,6,NA,NA,NA,none,3.1,NA,NA
1,I,2017-08-07,NA,NA,NA,NA,none,3.7,NA,NA
1,I,2017-08-09,7,NA,NA,NA,1 leaf limping,4.1,NA,NA
1,I,2017-08-11,7,NA,NA,NA,NA,4,NA,NA
1,I,2017-08-12,7,NA,NA,NA,3 edges are brown,6.1,NA,NA
1,I,2017-08-14,7,NA,NA,NA,Very green,6,NA,NA
1,I,2017-08-16,NA,NA,NA,NA,NA,NA,NA,NA
1,I,2017-08-18,NA,NA,NA,NA,NA,NA,NA,NA
1,I,2017-08-21,NA,NA,NA,NA,NA,NA,NA,NA
1,I,2017-08-23,NA,NA,NA,NA,NA,NA,NA,NA
1,I,2017-08-25,NA,NA,NA,NA,NA,NA,NA,NA
1,I,2017-08-28,NA,NA,NA,NA,NA,NA,NA,NA
1,J,2017-07-24,5,NA,NA,NA,purple,2.7,NA,NA
1,J,2017-07-26,5,NA,NA,NA,none,2.6,NA,NA
1,J,2017-07-28,6,NA,NA,NA,none,3.9,NA,NA
1,J,2017-07-30,8,NA,NA,NA,none,5,NA,NA
1,J,2017-07-31,7,NA,NA,NA,none,5,NA,NA
1,J,2017-08-02,8,NA,NA,NA,none,5,NA,NA
1,J,2017-08-05,9,NA,NA,NA,none,5.2,NA,NA
1,J,2017-08-07,NA,NA,NA,NA,none,6,NA,NA
1,J,2017-08-09,11,NA,NA,NA,NA,7.1,NA,NA
1,J,2017-08-11,11,NA,NA,NA,NA,8,NA,NA
1,J,2017-08-12,11,NA,NA,NA,NA,7.3,NA,NA
1,J,2017-08-14,15,NA,NA,NA,NA,7,NA,NA
1,J,2017-08-16,NA,NA,NA,NA,NA,NA,NA,NA
1,J,2017-08-18,NA,NA,NA,NA,NA,NA,NA,NA
1,J,2017-08-21,NA,NA,NA,NA,NA,NA,NA,NA
1,J,2017-08-23,NA,NA,NA,NA,NA,NA,NA,NA
1,J,2017-08-25,NA,NA,NA,NA,NA,NA,NA,NA
1,J,2017-08-28,NA,NA,NA,NA,NA,NA,NA,NA
1,K,2017-07-24,5,NA,NA,NA,purple,1.2,NA,NA
1,K,2017-07-26,5,NA,NA,NA,none,0.9,NA,NA
1,K,2017-07-28,6,NA,NA,NA,none,1.6,NA,NA
1,K,2017-07-30,6,NA,NA,NA,none,1.8,NA,NA
1,K,2017-07-31,7,NA,NA,NA,none,2,NA,NA
1,K,2017-08-02,6,NA,NA,NA,none,2.4,NA,NA
1,K,2017-08-05,7,NA,NA,NA,none,3.8,NA,NA
1,K,2017-08-07,NA,NA,NA,NA,none,3.7,NA,NA
1,K,2017-08-09,7,NA,NA,NA,NA,4.9,NA,NA
1,K,2017-08-11,7,NA,NA,NA,NA,5,NA,NA
1,K,2017-08-12,8,NA,NA,NA,NA,5.2,NA,NA
1,K,2017-08-14,9,NA,NA,NA,1 brown cot,6.1,NA,NA
1,K,2017-08-16,NA,NA,NA,NA,NA,NA,NA,NA
1,K,2017-08-18,NA,NA,NA,NA,NA,NA,NA,NA
1,K,2017-08-21,NA,NA,NA,NA,NA,NA,NA,NA
1,K,2017-08-23,NA,NA,NA,NA,NA,NA,NA,NA
1,K,2017-08-25,NA,NA,NA,NA,NA,NA,NA,NA
1,K,2017-08-28,NA,NA,NA,NA,NA,NA,NA,NA
1,L,2017-07-24,4,NA,NA,NA,green,1.6,NA,NA
1,L,2017-07-26,5,NA,NA,NA,none,0.6,NA,NA
1,L,2017-07-28,4,NA,NA,NA,none,1,NA,NA
1,L,2017-07-30,5,NA,NA,NA,none,2.1,NA,NA
1,L,2017-07-31,5,NA,NA,NA,none,2.4,NA,NA
1,L,2017-08-02,5,NA,NA,NA,NA,2,NA,NA
1,L,2017-08-05,5,NA,NA,NA,none,2.1,NA,NA
1,L,2017-08-07,NA,NA,NA,NA,none,2.7,NA,NA
1,L,2017-08-09,5,NA,NA,NA,NA,3.6,NA,NA
1,L,2017-08-11,5,NA,NA,NA,NA,3.5,NA,NA
1,L,2017-08-12,6,NA,NA,NA,1 edge is browning,3.6,NA,NA
1,L,2017-08-14,5,NA,NA,NA,ant near plants,2.5,NA,NA
1,L,2017-08-16,NA,NA,NA,NA,NA,NA,NA,NA
1,L,2017-08-18,NA,NA,NA,NA,NA,NA,NA,NA
1,L,2017-08-21,NA,NA,NA,NA,NA,NA,NA,NA
1,L,2017-08-23,NA,NA,NA,NA,NA,NA,NA,NA
1,L,2017-08-25,NA,NA,NA,NA,NA,NA,NA,NA
1,L,2017-08-28,NA,NA,NA,NA,NA,NA,NA,NA
1,M,2017-07-24,4,NA,NA,NA,purple,0.8,NA,NA
1,M,2017-07-26,5,NA,NA,NA,none,1,NA,NA
1,M,2017-07-28,5,NA,NA,NA,none,1.1,NA,NA
1,M,2017-07-30,6,NA,NA,NA,none,2.6,NA,NA
1,M,2017-07-31,6,NA,NA,NA,none,2.5,NA,NA
1,M,2017-08-02,7,NA,NA,NA,NA,2.9,NA,NA
1,M,2017-08-05,8,NA,NA,NA,none,5,NA,NA
1,M,2017-08-07,NA,NA,NA,NA,none,5,NA,NA
1,M,2017-08-09,7,NA,NA,NA,NA,5.6,NA,NA
1,M,2017-08-11,7,NA,NA,NA,1 leaf tilted,4.8,NA,NA
1,M,2017-08-12,7,NA,NA,NA,1 leaf was stomped on,4.6,NA,NA
1,M,2017-08-14,12,NA,NA,NA,brown strings,5,NA,NA
1,M,2017-08-16,NA,NA,NA,NA,NA,NA,NA,NA
1,M,2017-08-18,NA,NA,NA,NA,NA,NA,NA,NA
1,M,2017-08-21,NA,NA,NA,NA,NA,NA,NA,NA
1,M,2017-08-23,NA,NA,NA,NA,NA,NA,NA,NA
1,M,2017-08-25,NA,NA,NA,NA,NA,NA,NA,NA
1,M,2017-08-28,NA,NA,NA,NA,NA,NA,NA,NA
2,A,2017-07-24,5,NA,NA,NA,Purple,2,NA,NA
2,A,2017-07-26,5,NA,NA,NA,none,2,NA,NA
2,A,2017-07-28,6,NA,NA,NA,none,2,NA,NA
2,A,2017-07-30,6,NA,NA,NA,none,3,NA,NA
2,A,2017-07-31,7,NA,NA,NA,2 bottom leaves died,3.8,NA,NA
2,A,2017-08-02,7,NA,NA,NA,none,3.7,NA,NA
2,A,2017-08-05,6,NA,NA,NA,none,4,NA,NA
2,A,2017-08-07,8,NA,NA,NA,1 leaves turning yellow,5.1,NA,NA
2,A,2017-08-09,7,NA,NA,NA,1 leaves turning yellow,5.5,NA,NA
2,A,2017-08-11,8,NA,NA,NA,none,6.2,NA,NA
2,A,2017-08-12,7,NA,NA,NA,none,6.1,NA,NA
2,A,2017-08-14,8,NA,NA,NA,"1 leaf turn brown,1 edge turn yellow",6.2,NA,NA
2,A,2017-08-16,NA,NA,NA,NA,NA,NA,NA,NA
2,A,2017-08-18,NA,NA,NA,NA,NA,NA,NA,NA
2,A,2017-08-21,NA,NA,NA,NA,NA,NA,NA,NA
2,A,2017-08-23,NA,NA,NA,NA,NA,NA,NA,NA
2,A,2017-08-25,NA,NA,NA,NA,NA,NA,NA,NA
2,A,2017-08-28,NA,NA,NA,NA,NA,NA,NA,NA
2,B,2017-07-24,5,NA,NA,NA,Green,1.8,NA,NA
2,B,2017-07-26,6,NA,NA,NA,none,1.9,NA,NA
2,B,2017-07-28,7,NA,NA,NA,none,2.1,NA,NA
2,B,2017-07-30,6,NA,NA,NA,none,2.6,NA,NA
2,B,2017-07-31,7,NA,NA,NA,none,3,NA,NA
2,B,2017-08-02,6,NA,NA,NA,bottom leaves died,2.9,NA,NA
2,B,2017-08-05,7,NA,NA,NA,none,3.1,NA,NA
2,B,2017-08-07,7,NA,NA,NA,none,3.1,NA,NA
2,B,2017-08-09,8,NA,NA,NA,1 leaves turning yellow and the edges of  other 1 leaves,3.9,NA,NA
2,B,2017-08-11,7,NA,NA,NA,ants on the leaves,4.2,NA,NA
2,B,2017-08-12,7,NA,NA,NA,1 left edge turning yellow.,4.1,NA,NA
2,B,2017-08-14,7,NA,NA,NA,"1 L turn brown, 1edge turn yellow",3.9,NA,NA
2,B,2017-08-16,NA,NA,NA,NA,NA,NA,NA,NA
2,B,2017-08-18,NA,NA,NA,NA,NA,NA,NA,NA
2,B,2017-08-21,NA,NA,NA,NA,NA,NA,NA,NA
2,B,2017-08-23,NA,NA,NA,NA,NA,NA,NA,NA
2,B,2017-08-25,NA,NA,NA,NA,NA,NA,NA,NA
2,B,2017-08-28,NA,NA,NA,NA,NA,NA,NA,NA
2,C,2017-07-24,4,NA,NA,NA,Purple,2.2,NA,NA
2,C,2017-07-26,5,NA,NA,NA,none,2.3,NA,NA
2,C,2017-07-28,6,NA,NA,NA,none,2.9,NA,NA
2,C,2017-07-30,6,NA,NA,NA,none,2.3,NA,NA
2,C,2017-07-31,7,NA,NA,NA,none,3,NA,NA
2,C,2017-08-02,7,NA,NA,NA,none,2.9,NA,NA
2,C,2017-08-05,8,NA,NA,NA,none,3.3,NA,NA
2,C,2017-08-07,8,NA,NA,NA,none,4.6,NA,NA
2,C,2017-08-09,7,NA,NA,NA,2 bottom died,4.7,NA,NA
2,C,2017-08-11,7,NA,NA,NA,"1 leaves turning brown, and 1 leaves edges turning yellow",5.4,NA,NA
2,C,2017-08-12,8,NA,NA,NA,none,5.4,NA,NA
2,C,2017-08-14,7,NA,NA,NA,none,5.4,NA,NA
2,C,2017-08-16,NA,NA,NA,NA,NA,NA,NA,NA
2,C,2017-08-18,NA,NA,NA,NA,NA,NA,NA,NA
2,C,2017-08-21,NA,NA,NA,NA,NA,NA,NA,NA
2,C,2017-08-23,NA,NA,NA,NA,NA,NA,NA,NA
2,C,2017-08-25,NA,NA,NA,NA,NA,NA,NA,NA
2,C,2017-08-28,NA,NA,NA,NA,NA,NA,NA,NA
2,D,2017-07-24,5,NA,NA,NA,Purple,2.3,NA,NA
2,D,2017-07-26,6,NA,NA,NA,none,2.5,NA,NA
2,D,2017-07-28,6,NA,NA,NA,none,3.3,NA,NA
2,D,2017-07-30,7,NA,NA,NA,none,3.4,NA,NA
2,D,2017-07-31,7,NA,NA,NA,none,4.3,NA,NA
2,D,2017-08-02,8,NA,NA,NA,none,5.1,NA,NA
2,D,2017-08-05,8,NA,NA,NA,none,4.8,NA,NA
2,D,2017-08-07,9,NA,NA,NA,none,5.2,NA,NA
2,D,2017-08-09,8,NA,NA,NA,2 bottom died,6.1,NA,NA
2,D,2017-08-11,8,NA,NA,NA,none,6.3,NA,NA
2,D,2017-08-12,10,NA,NA,NA,none,7.3,NA,NA
2,D,2017-08-14,13,NA,NA,NA,none,7.6,NA,NA
2,D,2017-08-16,NA,NA,NA,NA,NA,NA,NA,NA
2,D,2017-08-18,NA,NA,NA,NA,Largest plant height and number of leaves,NA,NA,NA
2,D,2017-08-21,NA,NA,NA,NA,NA,NA,NA,NA
2,D,2017-08-23,NA,NA,NA,NA,NA,NA,NA,NA
2,D,2017-08-25,NA,NA,NA,NA,NA,NA,NA,NA
2,D,2017-08-28,NA,NA,NA,NA,NA,NA,NA,NA
2,E,2017-07-24,5,NA,NA,NA,Purple,2.5,NA,NA
2,E,2017-07-26,5,NA,NA,NA,none,2,NA,NA
2,E,2017-07-28,6,NA,NA,NA,none,3.6,NA,NA
2,E,2017-07-30,6,NA,NA,NA,none,2.5,NA,NA
2,E,2017-07-31,7,NA,NA,NA,none,3.6,NA,NA
2,E,2017-08-02,8,NA,NA,NA,none,3.6,NA,NA
2,E,2017-08-05,9,NA,NA,NA,none,3.6,NA,NA
2,E,2017-08-07,8,NA,NA,NA,none,5.4,NA,NA
2,E,2017-08-09,10,NA,NA,NA,none,5.4,NA,NA
2,E,2017-08-11,9,NA,NA,NA,none,5.5,NA,NA
2,E,2017-08-12,9,NA,NA,NA,none,6.2,NA,NA
2,E,2017-08-14,9,NA,NA,NA,none,6.3,NA,NA
2,E,2017-08-16,NA,NA,NA,NA,NA,NA,NA,NA
2,E,2017-08-18,NA,NA,NA,NA,NA,NA,NA,NA
2,E,2017-08-21,NA,NA,NA,NA,NA,NA,NA,NA
2,E,2017-08-23,NA,NA,NA,NA,NA,NA,NA,NA
2,E,2017-08-25,NA,NA,NA,NA,NA,NA,NA,NA
2,E,2017-08-28,NA,NA,NA,NA,NA,NA,NA,NA
2,F,2017-07-24,5,NA,NA,NA,Green,2,NA,NA
2,F,2017-07-26,5,NA,NA,NA,none,1.5,NA,NA
2,F,2017-07-28,5,NA,NA,NA,2 small leaves are turning yellow,2.1,NA,NA
2,F,2017-07-30,4,NA,NA,NA,none,1.7,NA,NA
2,F,2017-07-31,4,NA,NA,NA,2 leaves in bottom died,2.1,NA,NA
2,F,2017-08-02,4,NA,NA,NA,bottom leaves died,2.2,NA,NA
2,F,2017-08-05,5,NA,NA,NA,none,2.5,NA,NA
2,F,2017-08-07,5,NA,NA,NA,2 leaves are turning yellow,2.5,NA,NA
2,F,2017-08-09,6,NA,NA,NA,1 leaves edges turning yellow,2.1,NA,NA
2,F,2017-08-11,5,NA,NA,NA,1 leaves edge turn yellow,2.3,NA,NA
2,F,2017-08-12,7,NA,NA,NA,none,1.9,NA,NA
2,F,2017-08-14,6,NA,NA,NA,none,2,NA,NA
2,F,2017-08-16,NA,NA,NA,NA,NA,NA,NA,NA
2,F,2017-08-18,NA,NA,NA,NA,NA,NA,NA,NA
2,F,2017-08-21,NA,NA,NA,NA,NA,NA,NA,NA
2,F,2017-08-23,NA,NA,NA,NA,NA,NA,NA,NA
2,F,2017-08-25,NA,NA,NA,NA,NA,NA,NA,NA
2,F,2017-08-28,NA,NA,NA,NA,NA,NA,NA,NA
2,G,2017-07-24,5,NA,NA,NA,Purple,3,NA,NA
2,G,2017-07-26,6,NA,NA,NA,none,2.1,NA,NA
2,G,2017-07-28,6,NA,NA,NA,none,3.2,NA,NA
2,G,2017-07-30,6,NA,NA,NA,none,3.1,NA,NA
2,G,2017-07-31,7,NA,NA,NA,none,4.1,NA,NA
2,G,2017-08-02,8,NA,NA,NA,none,4.1,NA,NA
2,G,2017-08-05,9,NA,NA,NA,none,3.5,NA,NA
2,G,2017-08-07,9,NA,NA,NA,none,5.4,NA,NA
2,G,2017-08-09,9,NA,NA,NA,none,6.1,NA,NA
2,G,2017-08-11,8,NA,NA,NA,none,6.1,NA,NA
2,G,2017-08-12,9,NA,NA,NA,none,6.5,NA,NA
2,G,2017-08-14,8,NA,NA,NA,none,6.8,NA,NA
2,G,2017-08-16,NA,NA,NA,NA,NA,NA,NA,NA
2,G,2017-08-18,NA,NA,NA,NA,NA,NA,NA,NA
2,G,2017-08-21,NA,NA,NA,NA,NA,NA,NA,NA
2,G,2017-08-23,NA,NA,NA,NA,NA,NA,NA,NA
2,G,2017-08-25,NA,NA,NA,NA,NA,NA,NA,NA
2,G,2017-08-28,NA,NA,NA,NA,NA,NA,NA,NA
2,Growth Bed,2017-07-24,NA,4.9230769230769225,NA,NA,NA,NA,2.0307692307692307,NA
2,Growth Bed,2017-07-26,NA,5.153846153846154,NA,NA,NA,NA,1.6642857142857148,NA
2,Growth Bed,2017-07-28,NA,5.9230769230769225,NA,NA,NA,NA,2.357142857142857,NA
2,Growth Bed,2017-07-30,NA,5.846153846153846,NA,NA,NA,NA,2.2642857142857142,NA
2,Growth Bed,2017-07-31,NA,6.461538461538462,NA,NA,NA,NA,3.064285714285714,NA
2,Growth Bed,2017-08-02,NA,6.846153846153846,NA,NA,NA,NA,3.064285714285714,NA
2,Growth Bed,2017-08-05,NA,7.153846153846154,NA,NA,NA,NA,3.2642857142857142,NA
2,Growth Bed,2017-08-07,NA,7.384615384615385,NA,NA,NA,NA,4.208333333333334,NA
2,Growth Bed,2017-08-09,NA,7.615384615384615,NA,NA,NA,NA,5.0538461538461545,NA
2,Growth Bed,2017-08-11,NA,7.230769230769232,NA,NA,NA,NA,5.215384615384616,NA
2,Growth Bed,2017-08-12,NA,8,NA,NA,NA,NA,5.453846153846153,NA
2,Growth Bed,2017-08-14,NA,8.076923076923077,NA,NA,NA,NA,5.5538461538461545,NA
2,Growth Bed,2017-08-16,NA,10,NA,green plants smaller than purple,NA,NA,5.5,NA
2,Growth Bed,2017-08-18,NA,10,NA,Green smaller than red variety,NA,NA,5,NA
2,Growth Bed,2017-08-21,NA,12,NA,Green variety smaller than red,NA,NA,6,NA
2,Growth Bed,2017-08-23,NA,8.67,NA,green smaller than purple,NA,NA,5.98,NA
2,Growth Bed,2017-08-25,NA,11,NA,green smaller than purple - most noticeable in this tank,NA,NA,7.25,16
2,Growth Bed,2017-08-28,NA,11.83,NA,purple plants larger,NA,NA,6.08,22.67
2,H,2017-07-24,5,NA,NA,NA,Green,2.5,NA,NA
2,H,2017-07-26,5,NA,NA,NA,none,1.8,NA,NA
2,H,2017-07-28,6,NA,NA,NA,none,2.6,NA,NA
2,H,2017-07-30,4,NA,NA,NA,none,2.6,NA,NA
2,H,2017-07-31,7,NA,NA,NA,2 leaves in bottom turning yellow,3.1,NA,NA
2,H,2017-08-02,6,NA,NA,NA,bottom leaves died,3.8,NA,NA
2,H,2017-08-05,6,NA,NA,NA,none,3.9,NA,NA
2,H,2017-08-07,7,NA,NA,NA,1 leaves are turning yellow,4.1,NA,NA
2,H,2017-08-09,7,NA,NA,NA,1 leaves turning yellow,4.1,NA,NA
2,H,2017-08-11,6,NA,NA,NA,1 leaves edge turning yellow.,4.1,NA,NA
2,H,2017-08-12,7,NA,NA,NA,none,4.3,NA,NA
2,H,2017-08-14,7,NA,NA,NA,2 edges turning yellow,4.1,NA,NA
2,H,2017-08-16,NA,NA,NA,NA,NA,NA,NA,NA
2,H,2017-08-18,NA,NA,NA,NA,NA,NA,NA,NA
2,H,2017-08-21,NA,NA,NA,NA,NA,NA,NA,NA
2,H,2017-08-23,NA,NA,NA,NA,NA,NA,NA,NA
2,H,2017-08-25,NA,NA,NA,NA,NA,NA,NA,NA
2,H,2017-08-28,NA,NA,NA,NA,NA,NA,NA,NA
2,I,2017-07-24,5,NA,NA,NA,Purple,1.9,NA,NA
2,I,2017-07-26,5,NA,NA,NA,none,1.9,NA,NA
2,I,2017-07-28,6,NA,NA,NA,none,2.1,NA,NA
2,I,2017-07-30,7,NA,NA,NA,none,2.2,NA,NA
2,I,2017-07-31,7,NA,NA,NA,none,3.1,NA,NA
2,I,2017-08-02,6,NA,NA,NA,1 bottom leaves died,3.1,NA,NA
2,I,2017-08-05,7,NA,NA,NA,none,5,NA,NA
2,I,2017-08-07,7,NA,NA,NA,none,5.4,NA,NA
2,I,2017-08-09,7,NA,NA,NA,none,6.6,NA,NA
2,I,2017-08-11,7,NA,NA,NA,none,4.9,NA,NA
2,I,2017-08-12,7,NA,NA,NA,none,5.6,NA,NA
2,I,2017-08-14,7,NA,NA,NA,none,5.9,NA,NA
2,I,2017-08-16,NA,NA,NA,NA,NA,NA,NA,NA
2,I,2017-08-18,NA,NA,NA,NA,NA,NA,NA,NA
2,I,2017-08-21,NA,NA,NA,NA,NA,NA,NA,NA
2,I,2017-08-23,NA,NA,NA,NA,NA,NA,NA,NA
2,I,2017-08-25,NA,NA,NA,NA,NA,NA,NA,NA
2,I,2017-08-28,NA,NA,NA,NA,NA,NA,NA,NA
2,J,2017-07-24,5,NA,NA,NA,Purple,1.7,NA,NA
2,J,2017-07-26,5,NA,NA,NA,none,1,NA,NA
2,J,2017-07-28,6,NA,NA,NA,none,2.2,NA,NA
2,J,2017-07-30,6,NA,NA,NA,none,2,NA,NA
2,J,2017-07-31,6,NA,NA,NA,none,2.6,NA,NA
2,J,2017-08-02,7,NA,NA,NA,none,2.2,NA,NA
2,J,2017-08-05,8,NA,NA,NA,none,3,NA,NA
2,J,2017-08-07,8,NA,NA,NA,none,4.1,NA,NA
2,J,2017-08-09,9,NA,NA,NA,none,5.9,NA,NA
2,J,2017-08-11,9,NA,NA,NA,none,5.6,NA,NA
2,J,2017-08-12,11,NA,NA,NA,none,5.6,NA,NA
2,J,2017-08-14,10,NA,NA,NA,none,6.1,NA,NA
2,J,2017-08-16,NA,NA,NA,NA,NA,NA,NA,NA
2,J,2017-08-18,NA,NA,NA,NA,NA,NA,NA,NA
2,J,2017-08-21,NA,NA,NA,NA,NA,NA,NA,NA
2,J,2017-08-23,NA,NA,NA,NA,NA,NA,NA,NA
2,J,2017-08-25,NA,NA,NA,NA,NA,NA,NA,NA
2,J,2017-08-28,NA,NA,NA,NA,NA,NA,NA,NA
2,K,2017-07-24,5,NA,NA,NA,Green,1,NA,NA
2,K,2017-07-26,4,NA,NA,NA,none,1.8,NA,NA
2,K,2017-07-28,5,NA,NA,NA,none,2.3,NA,NA
2,K,2017-07-30,6,NA,NA,NA,none,2.2,NA,NA
2,K,2017-07-31,5,NA,NA,NA,none,2.9,NA,NA
2,K,2017-08-02,7,NA,NA,NA,bottom leaves are turning yellow,2.9,NA,NA
2,K,2017-08-05,6,NA,NA,NA,none,2.5,NA,NA
2,K,2017-08-07,6,NA,NA,NA,2 leaves are turning yellow,3.1,NA,NA
2,K,2017-08-09,5,NA,NA,NA,"1 bottom leaves died, and 2 leaves edges turning yellow",4.1,NA,NA
2,K,2017-08-11,5,NA,NA,NA,none,4.5,NA,NA
2,K,2017-08-12,6,NA,NA,NA,1  leaf edge is turning yellow.,4.2,NA,NA
2,K,2017-08-14,6,NA,NA,NA,none,4.1,NA,NA
2,K,2017-08-16,NA,NA,NA,NA,NA,NA,NA,NA
2,K,2017-08-18,NA,NA,NA,NA,NA,NA,NA,NA
2,K,2017-08-21,NA,NA,NA,NA,NA,NA,NA,NA
2,K,2017-08-23,NA,NA,NA,NA,NA,NA,NA,NA
2,K,2017-08-25,NA,NA,NA,NA,NA,NA,NA,NA
2,K,2017-08-28,NA,NA,NA,NA,NA,NA,NA,NA
2,L,2017-07-24,5,NA,NA,NA,Purple,2,NA,NA
2,L,2017-07-26,5,NA,NA,NA,none,1.5,NA,NA
2,L,2017-07-28,6,NA,NA,NA,none,2.4,NA,NA
2,L,2017-07-30,6,NA,NA,NA,none,2.5,NA,NA
2,L,2017-07-31,7,NA,NA,NA,none,3.1,NA,NA
2,L,2017-08-02,8,NA,NA,NA,none,3.8,NA,NA
2,L,2017-08-05,7,NA,NA,NA,none,4.1,NA,NA
2,L,2017-08-07,7,NA,NA,NA,none,4.3,NA,NA
2,L,2017-08-09,8,NA,NA,NA,none,6.1,NA,NA
2,L,2017-08-11,8,NA,NA,NA,none,7.1,NA,NA
2,L,2017-08-12,8,NA,NA,NA,none,7.1,NA,NA
2,L,2017-08-14,9,NA,NA,NA,none,7.2,NA,NA
2,L,2017-08-16,NA,NA,NA,NA,NA,NA,NA,NA
2,L,2017-08-18,NA,NA,NA,NA,NA,NA,NA,NA
2,L,2017-08-21,NA,NA,NA,NA,NA,NA,NA,NA
2,L,2017-08-23,NA,NA,NA,NA,NA,NA,NA,NA
2,L,2017-08-25,NA,NA,NA,NA,NA,NA,NA,NA
2,L,2017-08-28,NA,NA,NA,NA,NA,NA,NA,NA
2,M,2017-07-24,5,NA,NA,NA,Purple,1.5,NA,NA
2,M,2017-07-26,5,NA,NA,NA,none,1,NA,NA
2,M,2017-07-28,6,NA,NA,NA,none,2.2,NA,NA
2,M,2017-07-30,6,NA,NA,NA,none,1.6,NA,NA
2,M,2017-07-31,6,NA,NA,NA,none,2.2,NA,NA
2,M,2017-08-02,7,NA,NA,NA,none,2.6,NA,NA
2,M,2017-08-05,7,NA,NA,NA,none,2.4,NA,NA
2,M,2017-08-07,7,NA,NA,NA,none,3.3,NA,NA
2,M,2017-08-09,8,NA,NA,NA,none,5.1,NA,NA
2,M,2017-08-11,7,NA,NA,NA,none,5.6,NA,NA
2,M,2017-08-12,8,NA,NA,NA,none,6.6,NA,NA
2,M,2017-08-14,8,NA,NA,NA,none,6.6,NA,NA
2,M,2017-08-16,NA,NA,NA,NA,NA,NA,NA,NA
2,M,2017-08-18,NA,NA,NA,NA,NA,NA,NA,NA
2,M,2017-08-21,NA,NA,NA,NA,NA,NA,NA,NA
2,M,2017-08-23,NA,NA,NA,NA,NA,NA,NA,NA
2,M,2017-08-25,NA,NA,NA,NA,NA,NA,NA,NA
2,M,2017-08-28,NA,NA,NA,NA,NA,NA,NA,NA
3,A,2017-07-24,5,NA,NA,NA,purple,1.6,NA,NA
3,A,2017-07-26,5,NA,NA,NA,none,2,NA,NA
3,A,2017-07-28,6,NA,NA,NA,none,3,NA,NA
3,A,2017-07-30,NA,NA,NA,NA,NA,NA,NA,NA
3,A,2017-07-31,7,NA,NA,NA,none,4,NA,NA
3,A,2017-08-02,8,NA,NA,NA,none,3.75,NA,NA
3,A,2017-08-05,9,NA,NA,NA,none,5.6,NA,NA
3,A,2017-08-07,10,NA,NA,NA,none,6.5,NA,NA
3,A,2017-08-09,11,NA,NA,NA,none,7.5,NA,NA
3,A,2017-08-11,11,NA,NA,NA,none,6.5,NA,NA
3,A,2017-08-12,13,NA,NA,NA,none,8.7,NA,NA
3,A,2017-08-14,12,NA,NA,NA,none,8.5,NA,NA
3,A,2017-08-16,NA,NA,NA,NA,NA,NA,NA,NA
3,A,2017-08-18,NA,NA,NA,NA,NA,NA,NA,NA
3,A,2017-08-21,NA,NA,NA,NA,NA,NA,NA,NA
3,A,2017-08-23,NA,NA,NA,NA,NA,NA,NA,NA
3,A,2017-08-25,NA,NA,NA,NA,NA,NA,NA,NA
3,A,2017-08-28,NA,NA,NA,NA,NA,NA,NA,NA
3,B,2017-07-24,4,NA,NA,NA,purple,1.5,NA,NA
3,B,2017-07-26,5,NA,NA,NA,none,2,NA,NA
3,B,2017-07-28,6,NA,NA,NA,none,3,NA,NA
3,B,2017-07-30,NA,NA,NA,NA,NA,NA,NA,NA
3,B,2017-07-31,7,NA,NA,NA,none,3.5,NA,NA
3,B,2017-08-02,8,NA,NA,NA,none,4,NA,NA
3,B,2017-08-05,9,NA,NA,NA,none,4.3,NA,NA
3,B,2017-08-07,10,NA,NA,NA,yellowing,4.5,NA,NA
3,B,2017-08-09,11,NA,NA,NA,none,7,NA,NA
3,B,2017-08-11,11,NA,NA,NA,none,7,NA,NA
3,B,2017-08-12,13,NA,NA,NA,none,9.2,NA,NA
3,B,2017-08-14,13,NA,NA,NA,withering,9.5,NA,NA
3,B,2017-08-16,NA,NA,NA,NA,NA,NA,NA,NA
3,B,2017-08-18,NA,NA,NA,NA,NA,NA,NA,NA
3,B,2017-08-21,NA,NA,NA,NA,NA,NA,NA,NA
3,B,2017-08-23,NA,NA,NA,NA,NA,NA,NA,NA
3,B,2017-08-25,NA,NA,NA,NA,NA,NA,NA,NA
3,B,2017-08-28,NA,NA,NA,NA,NA,NA,NA,NA
3,C,2017-07-24,4,NA,NA,NA,purple,1.6,NA,NA
3,C,2017-07-26,5,NA,NA,NA,none,2,NA,NA
3,C,2017-07-28,6,NA,NA,NA,none,3,NA,NA
3,C,2017-07-30,NA,NA,NA,NA,NA,NA,NA,NA
3,C,2017-07-31,7,NA,NA,NA,none,3.5,NA,NA
3,C,2017-08-02,8,NA,NA,NA,none,4.5,NA,NA
3,C,2017-08-05,9,NA,NA,NA,none,7.1,NA,NA
3,C,2017-08-07,10,NA,NA,NA,yellowing,6.5,NA,NA
3,C,2017-08-09,11,NA,NA,NA,none,7.5,NA,NA
3,C,2017-08-11,12,NA,NA,NA,none,7.5,NA,NA
3,C,2017-08-12,15,NA,NA,NA,none,9.4,NA,NA
3,C,2017-08-14,16,NA,NA,NA,none,9,NA,NA
3,C,2017-08-16,NA,NA,NA,NA,NA,NA,NA,NA
3,C,2017-08-18,NA,NA,NA,NA,NA,NA,NA,NA
3,C,2017-08-21,NA,NA,NA,NA,NA,NA,NA,NA
3,C,2017-08-23,NA,NA,NA,NA,NA,NA,NA,NA
3,C,2017-08-25,NA,NA,NA,NA,NA,NA,NA,NA
3,C,2017-08-28,NA,NA,NA,NA,NA,NA,NA,NA
3,D,2017-07-24,5,NA,NA,NA,purple,1.5,NA,NA
3,D,2017-07-26,5,NA,NA,NA,none,2,NA,NA
3,D,2017-07-28,6,NA,NA,NA,none,3,NA,NA
3,D,2017-07-30,NA,NA,NA,NA,NA,NA,NA,NA
3,D,2017-07-31,7,NA,NA,NA,none,4.25,NA,NA
3,D,2017-08-02,8,NA,NA,NA,none,4,NA,NA
3,D,2017-08-05,9,NA,NA,NA,none,5.2,NA,NA
3,D,2017-08-07,12,NA,NA,NA,yellowing,4.5,NA,NA
3,D,2017-08-09,11,NA,NA,NA,none,7,NA,NA
3,D,2017-08-11,12,NA,NA,NA,none,8,NA,NA
3,D,2017-08-12,17,NA,NA,NA,none,8.7,NA,NA
3,D,2017-08-14,18,NA,NA,NA,none,9,NA,NA
3,D,2017-08-16,NA,NA,NA,NA,NA,NA,NA,NA
3,D,2017-08-18,NA,NA,NA,NA,NA,NA,NA,NA
3,D,2017-08-21,NA,NA,NA,NA,NA,NA,NA,NA
3,D,2017-08-23,NA,NA,NA,NA,NA,NA,NA,NA
3,D,2017-08-25,NA,NA,NA,NA,NA,NA,NA,NA
3,D,2017-08-28,NA,NA,NA,NA,NA,NA,NA,NA
3,E,2017-07-24,4,NA,NA,NA,green,1.6,NA,NA
3,E,2017-07-26,5,NA,NA,NA,none,1,NA,NA
3,E,2017-07-28,6,NA,NA,NA,none,2,NA,NA
3,E,2017-07-30,NA,NA,NA,NA,NA,NA,NA,NA
3,E,2017-07-31,6,NA,NA,NA,none,3.5,NA,NA
3,E,2017-08-02,8,NA,NA,NA,none,3.5,NA,NA
3,E,2017-08-05,10,NA,NA,NA,bottom leaves turn yellow,4.5,NA,NA
3,E,2017-08-07,11,NA,NA,NA,yellowing,4,NA,NA
3,E,2017-08-09,10,NA,NA,NA,yellowing edges,7,NA,NA
3,E,2017-08-11,12,NA,NA,NA,yellowing edges,8.5,NA,NA
3,E,2017-08-12,11,NA,NA,NA,none,9.2,NA,NA
3,E,2017-08-14,14,NA,NA,NA,withering,8.5,NA,NA
3,E,2017-08-16,NA,NA,NA,NA,NA,NA,NA,NA
3,E,2017-08-18,NA,NA,NA,NA,NA,NA,NA,NA
3,E,2017-08-21,NA,NA,NA,NA,NA,NA,NA,NA
3,E,2017-08-23,NA,NA,NA,NA,NA,NA,NA,NA
3,E,2017-08-25,NA,NA,NA,NA,NA,NA,NA,NA
3,E,2017-08-28,NA,NA,NA,NA,NA,NA,NA,NA
3,F,2017-07-24,4,NA,NA,NA,purple,1,NA,NA
3,F,2017-07-26,5,NA,NA,NA,none,1.5,NA,NA
3,F,2017-07-28,5,NA,NA,NA,none,2.5,NA,NA
3,F,2017-07-30,NA,NA,NA,NA,NA,NA,NA,NA
3,F,2017-07-31,6,NA,NA,NA,none,4,NA,NA
3,F,2017-08-02,7,NA,NA,NA,none,4,NA,NA
3,F,2017-08-05,9,NA,NA,NA,none,6.6,NA,NA
3,F,2017-08-07,9,NA,NA,NA,none,5.5,NA,NA
3,F,2017-08-09,10,NA,NA,NA,none,7,NA,NA
3,F,2017-08-11,10,NA,NA,NA,none,9,NA,NA
3,F,2017-08-12,12,NA,NA,NA,none,10.1,NA,NA
3,F,2017-08-14,12,NA,NA,NA,none,8.5,NA,NA
3,F,2017-08-16,NA,NA,NA,NA,NA,NA,NA,NA
3,F,2017-08-18,NA,NA,NA,NA,NA,NA,NA,NA
3,F,2017-08-21,NA,NA,NA,NA,NA,NA,NA,NA
3,F,2017-08-23,NA,NA,NA,NA,NA,NA,NA,NA
3,F,2017-08-25,NA,NA,NA,NA,NA,NA,NA,NA
3,F,2017-08-28,NA,NA,NA,NA,NA,NA,NA,NA
3,G,2017-07-24,4,NA,NA,NA,green,0.8,NA,NA
3,G,2017-07-26,4,NA,NA,NA,none,0.75,NA,NA
3,G,2017-07-28,5,NA,NA,NA,none,1.5,NA,NA
3,G,2017-07-30,NA,NA,NA,NA,NA,NA,NA,NA
3,G,2017-07-31,6,NA,NA,NA,none,2.5,NA,NA
3,G,2017-08-02,7,NA,NA,NA,none,4,NA,NA
3,G,2017-08-05,8,NA,NA,NA,none,3.6,NA,NA
3,G,2017-08-07,8,NA,NA,NA,yellowing,5.5,NA,NA
3,G,2017-08-09,11,NA,NA,NA,yellowing edges,6,NA,NA
3,G,2017-08-11,12,NA,NA,NA,yellowing edges,6.5,NA,NA
3,G,2017-08-12,9,NA,NA,NA,none,9.2,NA,NA
3,G,2017-08-14,12,NA,NA,NA,none,8,NA,NA
3,G,2017-08-16,NA,NA,NA,NA,NA,NA,NA,NA
3,G,2017-08-18,NA,NA,NA,NA,NA,NA,NA,NA
3,G,2017-08-21,NA,NA,NA,NA,NA,NA,NA,NA
3,G,2017-08-23,NA,NA,NA,NA,NA,NA,NA,NA
3,G,2017-08-25,NA,NA,NA,NA,NA,NA,NA,NA
3,G,2017-08-28,NA,NA,NA,NA,NA,NA,NA,NA
3,Growth Bed,2017-07-24,NA,4.461538461538462,NA,NA,NA,NA,1.3461538461538465,NA
3,Growth Bed,2017-07-26,NA,4.769230769230769,NA,NA,NA,NA,1.5769230769230769,NA
3,Growth Bed,2017-07-28,NA,5.6923076923076925,NA,NA,NA,NA,2.5961538461538463,NA
3,Growth Bed,2017-07-30,NA,NA,NA,NA,NA,NA,NA,NA
3,Growth Bed,2017-07-31,NA,6.6923076923076925,NA,NA,NA,NA,3.923076923076923,NA
3,Growth Bed,2017-08-02,NA,7.769230769230769,NA,NA,NA,NA,4.403846153846155,NA
3,Growth Bed,2017-08-05,NA,8.846153846153847,NA,NA,NA,NA,5.538461538461538,NA
3,Growth Bed,2017-08-07,NA,9.615384615384619,NA,NA,NA,NA,5.833333333333334,NA
3,Growth Bed,2017-08-09,NA,10.384615384615385,NA,NA,NA,NA,7.384615384615385,NA
3,Growth Bed,2017-08-11,NA,11.30769230769231,NA,NA,NA,NA,7.9230769230769225,NA
3,Growth Bed,2017-08-12,NA,12.923076923076923,NA,NA,NA,NA,9.653846153846157,NA
3,Growth Bed,2017-08-14,NA,14.30769230769231,NA,NA,NA,NA,9.269230769230768,NA
3,Growth Bed,2017-08-16,NA,NA,NA,NA,NA,NA,NA,NA
3,Growth Bed,2017-08-18,NA,19,NA,Green variety growth not as stunted in comparison to red variety as in other tanks (green and red heights more similar in this tank),NA,NA,10,NA
3,Growth Bed,2017-08-21,NA,15,NA,Green variety smaller than red. Largest crops out of all tanks.,NA,NA,12,NA
3,Growth Bed,2017-08-23,NA,19.67,NA,Plants largest of all 6 tanks,NA,NA,13.25,NA
3,Growth Bed,2017-08-25,NA,18.12,NA,green and purple closer to same size than tank 2. very white roots and very full. Many roots growing together and are thick.,NA,NA,12.92,28.1
3,Growth Bed,2017-08-28,NA,19.830000000000002,NA,All plants seem healthy,NA,NA,13.83,27.330000000000002
3,H,2017-07-24,4,NA,NA,NA,purple,0.6,NA,NA
3,H,2017-07-26,4,NA,NA,NA,none,0.25,NA,NA
3,H,2017-07-28,5,NA,NA,NA,none,1.5,NA,NA
3,H,2017-07-30,NA,NA,NA,NA,NA,NA,NA,NA
3,H,2017-07-31,6,NA,NA,NA,none,2.5,NA,NA
3,H,2017-08-02,7,NA,NA,NA,none,3.5,NA,NA
3,H,2017-08-05,8,NA,NA,NA,none,4.4,NA,NA
3,H,2017-08-07,8,NA,NA,NA,none,4.5,NA,NA
3,H,2017-08-09,9,NA,NA,NA,none,7,NA,NA
3,H,2017-08-11,10,NA,NA,NA,none,8,NA,NA
3,H,2017-08-12,12,NA,NA,NA,none,8.9,NA,NA
3,H,2017-08-14,12,NA,NA,NA,none,8.5,NA,NA
3,H,2017-08-16,NA,NA,NA,NA,NA,NA,NA,NA
3,H,2017-08-18,NA,NA,NA,NA,NA,NA,NA,NA
3,H,2017-08-21,NA,NA,NA,NA,NA,NA,NA,NA
3,H,2017-08-23,NA,NA,NA,NA,NA,NA,NA,NA
3,H,2017-08-25,NA,NA,NA,NA,NA,NA,NA,NA
3,H,2017-08-28,NA,NA,NA,NA,NA,NA,NA,NA
3,I,2017-07-24,5,NA,NA,NA,purple,1.2,NA,NA
3,I,2017-07-26,6,NA,NA,NA,none,2,NA,NA
3,I,2017-07-28,6,NA,NA,NA,none,3,NA,NA
3,I,2017-07-30,NA,NA,NA,NA,NA,NA,NA,NA
3,I,2017-07-31,8,NA,NA,NA,none,6,NA,NA
3,I,2017-08-02,9,NA,NA,NA,none,6,NA,NA
3,I,2017-08-05,10,NA,NA,NA,none,9.1,NA,NA
3,I,2017-08-07,10,NA,NA,NA,none,10,NA,NA
3,I,2017-08-09,12,NA,NA,NA,none,10.5,NA,NA
3,I,2017-08-11,13,NA,NA,NA,none,9.5,NA,NA
3,I,2017-08-12,13,NA,NA,NA,none,10.6,NA,NA
3,I,2017-08-14,16,NA,NA,NA,none,10,NA,NA
3,I,2017-08-16,NA,NA,NA,NA,NA,NA,NA,NA
3,I,2017-08-18,NA,NA,NA,NA,NA,NA,NA,NA
3,I,2017-08-21,NA,NA,NA,NA,NA,NA,NA,NA
3,I,2017-08-23,NA,NA,NA,NA,NA,NA,NA,NA
3,I,2017-08-25,NA,NA,NA,NA,NA,NA,NA,NA
3,I,2017-08-28,NA,NA,NA,NA,NA,NA,NA,NA
3,J,2017-07-24,5,NA,NA,NA,green,2,NA,NA
3,J,2017-07-26,4,NA,NA,NA,none,1.75,NA,NA
3,J,2017-07-28,6,NA,NA,NA,none,2.75,NA,NA
3,J,2017-07-30,NA,NA,NA,NA,NA,NA,NA,NA
3,J,2017-07-31,7,NA,NA,NA,none,4,NA,NA
3,J,2017-08-02,8,NA,NA,NA,none,5,NA,NA
3,J,2017-08-05,8,NA,NA,NA,none,5.1,NA,NA
3,J,2017-08-07,10,NA,NA,NA,yellowing,6.5,NA,NA
3,J,2017-08-09,10,NA,NA,NA,yellowing edges,8,NA,NA
3,J,2017-08-11,11,NA,NA,NA,yellowing edges,8.5,NA,NA
3,J,2017-08-12,16,NA,NA,NA,none,11.2,NA,NA
3,J,2017-08-14,19,NA,NA,NA,none,10,NA,NA
3,J,2017-08-16,NA,NA,NA,NA,NA,NA,NA,NA
3,J,2017-08-18,NA,NA,NA,NA,NA,NA,NA,NA
3,J,2017-08-21,NA,NA,NA,NA,NA,NA,NA,NA
3,J,2017-08-23,NA,NA,NA,NA,NA,NA,NA,NA
3,J,2017-08-25,NA,NA,NA,NA,NA,NA,NA,NA
3,J,2017-08-28,NA,NA,NA,NA,NA,NA,NA,NA
3,K,2017-07-24,5,NA,NA,NA,purple,1.2,NA,NA
3,K,2017-07-26,5,NA,NA,NA,none,2,NA,NA
3,K,2017-07-28,6,NA,NA,NA,none,3,NA,NA
3,K,2017-07-30,NA,NA,NA,NA,NA,NA,NA,NA
3,K,2017-07-31,7,NA,NA,NA,none,5.25,NA,NA
3,K,2017-08-02,8,NA,NA,NA,none,6,NA,NA
3,K,2017-08-05,9,NA,NA,NA,none,5.8,NA,NA
3,K,2017-08-07,10,NA,NA,NA,none,NA,NA,NA
3,K,2017-08-09,10,NA,NA,NA,none,7.5,NA,NA
3,K,2017-08-11,12,NA,NA,NA,none,8,NA,NA
3,K,2017-08-12,14,NA,NA,NA,none,9.6,NA,NA
3,K,2017-08-14,14,NA,NA,NA,none,8.5,NA,NA
3,K,2017-08-16,NA,NA,NA,NA,NA,NA,NA,NA
3,K,2017-08-18,NA,NA,NA,NA,NA,NA,NA,NA
3,K,2017-08-21,NA,NA,NA,NA,NA,NA,NA,NA
3,K,2017-08-23,NA,NA,NA,NA,NA,NA,NA,NA
3,K,2017-08-25,NA,NA,NA,NA,NA,NA,NA,NA
3,K,2017-08-28,NA,NA,NA,NA,NA,NA,NA,NA
3,L,2017-07-24,5,NA,NA,NA,green,1.6,NA,NA
3,L,2017-07-26,5,NA,NA,NA,none,1.5,NA,NA
3,L,2017-07-28,6,NA,NA,NA,none,2.5,NA,NA
3,L,2017-07-30,NA,NA,NA,NA,NA,NA,NA,NA
3,L,2017-07-31,7,NA,NA,NA,none,4.5,NA,NA
3,L,2017-08-02,8,NA,NA,NA,none,4.5,NA,NA
3,L,2017-08-05,8,NA,NA,NA,none,4.6,NA,NA
3,L,2017-08-07,8,NA,NA,NA,none,5.5,NA,NA
3,L,2017-08-09,9,NA,NA,NA,none,7,NA,NA
3,L,2017-08-11,11,NA,NA,NA,yellowing edges,8,NA,NA
3,L,2017-08-12,11,NA,NA,NA,none,11.6,NA,NA
3,L,2017-08-14,14,NA,NA,NA,none,13,NA,NA
3,L,2017-08-16,NA,NA,NA,NA,NA,NA,NA,NA
3,L,2017-08-18,NA,NA,NA,NA,NA,NA,NA,NA
3,L,2017-08-21,NA,NA,NA,NA,NA,NA,NA,NA
3,L,2017-08-23,NA,NA,NA,NA,NA,NA,NA,NA
3,L,2017-08-25,NA,NA,NA,NA,NA,NA,NA,NA
3,L,2017-08-28,NA,NA,NA,NA,NA,NA,NA,NA
3,M,2017-07-24,4,NA,NA,NA,purple,1.3,NA,NA
3,M,2017-07-26,4,NA,NA,NA,none,1.75,NA,NA
3,M,2017-07-28,5,NA,NA,NA,none,3,NA,NA
3,M,2017-07-30,NA,NA,NA,NA,NA,NA,NA,NA
3,M,2017-07-31,6,NA,NA,NA,none,3.5,NA,NA
3,M,2017-08-02,7,NA,NA,NA,none,4.5,NA,NA
3,M,2017-08-05,9,NA,NA,NA,none,6.1,NA,NA
3,M,2017-08-07,9,NA,NA,NA,none,6.5,NA,NA
3,M,2017-08-09,10,NA,NA,NA,none,7,NA,NA
3,M,2017-08-11,10,NA,NA,NA,none,8,NA,NA
3,M,2017-08-12,12,NA,NA,NA,none,9.1,NA,NA
3,M,2017-08-14,14,NA,NA,NA,none,9.5,NA,NA
3,M,2017-08-16,NA,NA,NA,NA,NA,NA,NA,NA
3,M,2017-08-18,NA,NA,NA,NA,NA,NA,NA,NA
3,M,2017-08-21,NA,NA,NA,NA,NA,NA,NA,NA
3,M,2017-08-23,NA,NA,NA,NA,NA,NA,NA,NA
3,M,2017-08-25,NA,NA,NA,NA,NA,NA,NA,NA
3,M,2017-08-28,NA,NA,NA,NA,NA,NA,NA,NA
4,A,2017-07-24,NA,NA,NA,NA,NA,NA,NA,NA
4,A,2017-07-26,5,NA,NA,NA,NA,1.5,NA,NA
4,A,2017-07-28,4,NA,NA,NA,1 cot is dying,1.5,NA,NA
4,A,2017-07-30,4,NA,NA,NA,Front cot is dead,1.5,NA,NA
4,A,2017-07-31,5,NA,NA,NA,"Front cot is now dead;
Right leaf may have been bitten",1.5,NA,NA
4,A,2017-08-02,4,NA,NA,NA,NA,1.2,NA,NA
4,A,2017-08-05,5,NA,NA,NA,1 leaf turned yellow,1.6,NA,NA
4,A,2017-08-07,5,NA,NA,NA,"Back, left leaf is browning and curling",1.2,NA,NA
4,A,2017-08-09,4,NA,NA,NA,Back leaf is dead,1,NA,NA
4,A,2017-08-11,4,NA,NA,NA,Some of plant's roots was not in the water when found,1,NA,NA
4,A,2017-08-12,4,NA,NA,NA,2 leaves are dying,1.3,NA,NA
4,A,2017-08-14,4,NA,NA,NA,Left leaf is dying,1.1,NA,NA
4,A,2017-08-16,NA,NA,NA,NA,NA,NA,NA,NA
4,A,2017-08-18,NA,NA,NA,NA,NA,NA,NA,NA
4,A,2017-08-21,NA,NA,NA,NA,NA,NA,NA,NA
4,A,2017-08-23,NA,NA,NA,NA,NA,NA,NA,NA
4,A,2017-08-25,NA,NA,NA,NA,NA,NA,NA,NA
4,A,2017-08-28,NA,NA,NA,NA,NA,NA,NA,NA
4,B,2017-07-24,NA,NA,NA,NA,NA,NA,NA,NA
4,B,2017-07-26,5,NA,NA,NA,NA,2,NA,NA
4,B,2017-07-28,5,NA,NA,NA,1 cot is dying,2.5,NA,NA
4,B,2017-07-30,5,NA,NA,NA,Right cot is dead,3,NA,NA
4,B,2017-07-31,6,NA,NA,NA,Right cot is dying,3,NA,NA
4,B,2017-08-02,5,NA,NA,NA,NA,3.1,NA,NA
4,B,2017-08-05,6,NA,NA,NA,1 leaf died (bottom),2.9,NA,NA
4,B,2017-08-07,5,NA,NA,NA,NA,3.1,NA,NA
4,B,2017-08-09,6,NA,NA,NA,NA,3.2,NA,NA
4,B,2017-08-11,5,NA,NA,NA,Plant is tilted; probably b/c the animal stomped on it,2.9,NA,NA
4,B,2017-08-12,5,NA,NA,NA,NA,2.9,NA,NA
4,B,2017-08-14,6,NA,NA,NA,NA,2.9,NA,NA
4,B,2017-08-16,NA,NA,NA,NA,NA,NA,NA,NA
4,B,2017-08-18,NA,NA,NA,NA,NA,NA,NA,NA
4,B,2017-08-21,NA,NA,NA,NA,NA,NA,NA,NA
4,B,2017-08-23,NA,NA,NA,NA,NA,NA,NA,NA
4,B,2017-08-25,NA,NA,NA,NA,NA,NA,NA,NA
4,B,2017-08-28,NA,NA,NA,NA,NA,NA,NA,NA
4,C,2017-07-24,NA,NA,NA,NA,NA,NA,NA,NA
4,C,2017-07-26,5,NA,NA,NA,NA,2.2,NA,NA
4,C,2017-07-28,5,NA,NA,NA,NA,2,NA,NA
4,C,2017-07-30,5,NA,NA,NA,Behind cot is dead,2.5,NA,NA
4,C,2017-07-31,6,NA,NA,NA,Back cot is dying,2,NA,NA
4,C,2017-08-02,5,NA,NA,NA,NA,2.6,NA,NA
4,C,2017-08-05,4,NA,NA,NA,2 leaves died (bottom),2.3,NA,NA
4,C,2017-08-07,5,NA,NA,NA,NA,2.7,NA,NA
4,C,2017-08-09,4,NA,NA,NA,- Right leaf is curling - Front leaf is dead,3,NA,NA
4,C,2017-08-11,4,NA,NA,NA,Animal? Some leaves are black,2.4,NA,NA
4,C,2017-08-12,4,NA,NA,NA,NA,2.4,NA,NA
4,C,2017-08-14,5,NA,NA,NA,NA,2.4,NA,NA
4,C,2017-08-16,NA,NA,NA,NA,NA,NA,NA,NA
4,C,2017-08-18,NA,NA,NA,NA,NA,NA,NA,NA
4,C,2017-08-21,NA,NA,NA,NA,NA,NA,NA,NA
4,C,2017-08-23,NA,NA,NA,NA,NA,NA,NA,NA
4,C,2017-08-25,NA,NA,NA,NA,NA,NA,NA,NA
4,C,2017-08-28,NA,NA,NA,NA,NA,NA,NA,NA
4,D,2017-07-24,NA,NA,NA,NA,NA,NA,NA,NA
4,D,2017-07-26,5,NA,NA,NA,NA,1.5,NA,NA
4,D,2017-07-28,5,NA,NA,NA,NA,2,NA,NA
4,D,2017-07-30,5,NA,NA,NA,Front cot is dead,2,NA,NA
4,D,2017-07-31,6,NA,NA,NA,Front cot is now dead,2,NA,NA
4,D,2017-08-02,5,NA,NA,NA,NA,2.5,NA,NA
4,D,2017-08-05,4,NA,NA,NA,2 leaves died (bottom),3,NA,NA
4,D,2017-08-07,5,NA,NA,NA,NA,2.5,NA,NA
4,D,2017-08-09,5,NA,NA,NA,NA,2.6,NA,NA
4,D,2017-08-11,5,NA,NA,NA,Right leaf is curling up,2.9,NA,NA
4,D,2017-08-12,5,NA,NA,NA,NA,2.9,NA,NA
4,D,2017-08-14,5,NA,NA,NA,NA,2.9,NA,NA
4,D,2017-08-16,NA,NA,NA,NA,NA,NA,NA,NA
4,D,2017-08-18,NA,NA,NA,NA,NA,NA,NA,NA
4,D,2017-08-21,NA,NA,NA,NA,NA,NA,NA,NA
4,D,2017-08-23,NA,NA,NA,NA,NA,NA,NA,NA
4,D,2017-08-25,NA,NA,NA,NA,NA,NA,NA,NA
4,D,2017-08-28,NA,NA,NA,NA,NA,NA,NA,NA
4,E,2017-07-24,NA,NA,NA,NA,NA,NA,NA,NA
4,E,2017-07-26,5,NA,NA,NA,NA,1,NA,NA
4,E,2017-07-28,5,NA,NA,NA,NA,1,NA,NA
4,E,2017-07-30,6,NA,NA,NA,Left cot is browning,1,NA,NA
4,E,2017-07-31,6,NA,NA,NA,Both cots are dying,1,NA,NA
4,E,2017-08-02,5,NA,NA,NA,NA,1.2,NA,NA
4,E,2017-08-05,4,NA,NA,NA,NA,1.3,NA,NA
4,E,2017-08-07,5,NA,NA,NA,NA,1.2,NA,NA
4,E,2017-08-09,5,NA,NA,NA,NA,1.1,NA,NA
4,E,2017-08-11,5,NA,NA,NA,NA,1,NA,NA
4,E,2017-08-12,5,NA,NA,NA,NA,1.1,NA,NA
4,E,2017-08-14,5,NA,NA,NA,NA,1.2,NA,NA
4,E,2017-08-16,NA,NA,NA,NA,NA,NA,NA,NA
4,E,2017-08-18,NA,NA,NA,NA,NA,NA,NA,NA
4,E,2017-08-21,NA,NA,NA,NA,NA,NA,NA,NA
4,E,2017-08-23,NA,NA,NA,NA,NA,NA,NA,NA
4,E,2017-08-25,NA,NA,NA,NA,NA,NA,NA,NA
4,E,2017-08-28,NA,NA,NA,NA,NA,NA,NA,NA
4,F,2017-07-24,NA,NA,NA,NA,NA,NA,NA,NA
4,F,2017-07-26,5,NA,NA,NA,NA,2,NA,NA
4,F,2017-07-28,5,NA,NA,NA,NA,2,NA,NA
4,F,2017-07-30,5,NA,NA,NA,NA,2,NA,NA
4,F,2017-07-31,6,NA,NA,NA,NA,2.5,NA,NA
4,F,2017-08-02,6,NA,NA,NA,NA,2.5,NA,NA
4,F,2017-08-05,5,NA,NA,NA,1 leaf died (bottom),2.2,NA,NA
4,F,2017-08-07,5,NA,NA,NA,3 leaves died,2.9,NA,NA
4,F,2017-08-09,5,NA,NA,NA,NA,2.9,NA,NA
4,F,2017-08-11,5,NA,NA,NA,Front leaf is dying; Animal tilted,2.6,NA,NA
4,F,2017-08-12,4,NA,NA,NA,Front leaf is dried up,2.6,NA,NA
4,F,2017-08-14,4,NA,NA,NA,NA,2.6,NA,NA
4,F,2017-08-16,NA,NA,NA,NA,NA,NA,NA,NA
4,F,2017-08-18,NA,NA,NA,NA,NA,NA,NA,NA
4,F,2017-08-21,NA,NA,NA,NA,NA,NA,NA,NA
4,F,2017-08-23,NA,NA,NA,NA,NA,NA,NA,NA
4,F,2017-08-25,NA,NA,NA,NA,NA,NA,NA,NA
4,F,2017-08-28,NA,NA,NA,NA,NA,NA,NA,NA
4,G,2017-07-24,NA,NA,NA,NA,NA,NA,NA,NA
4,G,2017-07-26,5,NA,NA,NA,NA,1.5,NA,NA
4,G,2017-07-28,5,NA,NA,NA,NA,1.5,NA,NA
4,G,2017-07-30,6,NA,NA,NA,Plant is leaning to the right,2,NA,NA
4,G,2017-07-31,6,NA,NA,NA,NA,2.5,NA,NA
4,G,2017-08-02,6,NA,NA,NA,NA,1.9,NA,NA
4,G,2017-08-05,4,NA,NA,NA,2 leaves died (bottom),2.3,NA,NA
4,G,2017-08-07,3,NA,NA,NA,NA,1.8,NA,NA
4,G,2017-08-09,5,NA,NA,NA,NA,2.9,NA,NA
4,G,2017-08-11,4,NA,NA,NA,Back leaf is dead,3.1,NA,NA
4,G,2017-08-12,4,NA,NA,NA,Browning,3.2,NA,NA
4,G,2017-08-14,4,NA,NA,NA,NA,3,NA,NA
4,G,2017-08-16,NA,NA,NA,NA,NA,NA,NA,NA
4,G,2017-08-18,NA,NA,NA,NA,NA,NA,NA,NA
4,G,2017-08-21,NA,NA,NA,NA,NA,NA,NA,NA
4,G,2017-08-23,NA,NA,NA,NA,NA,NA,NA,NA
4,G,2017-08-25,NA,NA,NA,NA,NA,NA,NA,NA
4,G,2017-08-28,NA,NA,NA,NA,NA,NA,NA,NA
4,Growth Bed,2017-07-24,NA,NA,NA,NA,NA,NA,NA,NA
4,Growth Bed,2017-07-26,NA,4.538461538461538,NA,NA,NA,NA,1.5538461538461539,NA
4,Growth Bed,2017-07-28,NA,4.6923076923076925,NA,NA,NA,NA,1.7307692307692306,NA
4,Growth Bed,2017-07-30,NA,5.0769230769230775,NA,NA,NA,NA,1.9807692307692306,NA
4,Growth Bed,2017-07-31,NA,5.615384615384615,NA,NA,NA,NA,1.9615384615384615,NA
4,Growth Bed,2017-08-02,NA,5.307692307692308,NA,NA,NA,NA,1.9846153846153851,NA
4,Growth Bed,2017-08-05,NA,4.6923076923076925,NA,NA,NA,NA,2.146153846153846,NA
4,Growth Bed,2017-08-07,NA,4.538461538461538,NA,NA,NA,NA,2.1076923076923086,NA
4,Growth Bed,2017-08-09,NA,4.6923076923076925,NA,NA,NA,NA,2.253846153846154,NA
4,Growth Bed,2017-08-11,NA,4.307692307692308,NA,NA,NA,NA,2.169230769230769,NA
4,Growth Bed,2017-08-12,NA,4.384615384615385,NA,NA,NA,NA,2.3,NA
4,Growth Bed,2017-08-14,NA,4.615384615384615,15400,NA,NA,NA,2.3153846153846147,6.5
4,Growth Bed,2017-08-16,NA,4,NA,green smaller than purple,NA,NA,2,NA
4,Growth Bed,2017-08-18,NA,4,NA,Green variety smaller than red,NA,NA,2,NA
4,Growth Bed,2017-08-21,NA,4,NA,"Green variety smaller than red, lost pigmentation in leaves (green). Smallest 0.5 cm with 2 leaves.",NA,NA,2,NA
4,Growth Bed,2017-08-23,NA,4.17,NA,"Most have 2 dead cots, green variety very yellow",NA,NA,1.42,NA
4,Growth Bed,2017-08-25,NA,4.33,NA,Dead leaves mostly brown and dry. 4L almost completely dead. Lots of algae on roots - green/brown color.,NA,NA,2.1,4.25
4,Growth Bed,2017-08-28,NA,4.5,NA,Ants crawling on grow tray,NA,NA,1.73,6.33
4,H,2017-07-24,NA,NA,NA,NA,NA,NA,NA,NA
4,H,2017-07-26,4,NA,NA,NA,NA,0.8,NA,NA
4,H,2017-07-28,5,NA,NA,NA,NA,1,NA,NA
4,H,2017-07-30,5,NA,NA,NA,NA,1.5,NA,NA
4,H,2017-07-31,5,NA,NA,NA,NA,1.5,NA,NA
4,H,2017-08-02,5,NA,NA,NA,NA,1.5,NA,NA
4,H,2017-08-05,5,NA,NA,NA,2 leaves died (bottom),2.1,NA,NA
4,H,2017-08-07,5,NA,NA,NA,NA,2.8,NA,NA
4,H,2017-08-09,5,NA,NA,NA,Losing purple color,1.9,NA,NA
4,H,2017-08-11,4,NA,NA,NA,Animal tilted,2,NA,NA
4,H,2017-08-12,4,NA,NA,NA,NA,2.3,NA,NA
4,H,2017-08-14,4,NA,NA,NA,NA,2.4,NA,NA
4,H,2017-08-16,NA,NA,NA,NA,NA,NA,NA,NA
4,H,2017-08-18,NA,NA,NA,NA,NA,NA,NA,NA
4,H,2017-08-21,NA,NA,NA,NA,NA,NA,NA,NA
4,H,2017-08-23,NA,NA,NA,NA,NA,NA,NA,NA
4,H,2017-08-25,NA,NA,NA,NA,NA,NA,NA,NA
4,H,2017-08-28,NA,NA,NA,NA,NA,NA,NA,NA
4,I,2017-07-24,NA,NA,NA,NA,NA,NA,NA,NA
4,I,2017-07-26,5,NA,NA,NA,NA,2.5,NA,NA
4,I,2017-07-28,5,NA,NA,NA,NA,2.5,NA,NA
4,I,2017-07-30,6,NA,NA,NA,NA,3,NA,NA
4,I,2017-07-31,7,NA,NA,NA,NA,3,NA,NA
4,I,2017-08-02,7,NA,NA,NA,NA,2.5,NA,NA
4,I,2017-08-05,6,NA,NA,NA,2 leaves died (bottom),2.8,NA,NA
4,I,2017-08-07,5,NA,NA,NA,NA,2,NA,NA
4,I,2017-08-09,5,NA,NA,NA,NA,2.9,NA,NA
4,I,2017-08-11,5,NA,NA,NA,NA,3.3,NA,NA
4,I,2017-08-12,5,NA,NA,NA,NA,3.4,NA,NA
4,I,2017-08-14,5,NA,NA,NA,NA,3.2,NA,NA
4,I,2017-08-16,NA,NA,NA,NA,NA,NA,NA,NA
4,I,2017-08-18,NA,NA,NA,NA,NA,NA,NA,NA
4,I,2017-08-21,NA,NA,NA,NA,NA,NA,NA,NA
4,I,2017-08-23,NA,NA,NA,NA,NA,NA,NA,NA
4,I,2017-08-25,NA,NA,NA,NA,NA,NA,NA,NA
4,I,2017-08-28,NA,NA,NA,NA,NA,NA,NA,NA
4,J,2017-07-24,NA,NA,NA,NA,NA,NA,NA,NA
4,J,2017-07-26,4,NA,NA,NA,NA,2,NA,NA
4,J,2017-07-28,5,NA,NA,NA,NA,2,NA,NA
4,J,2017-07-30,5,NA,NA,NA,NA,2.5,NA,NA
4,J,2017-07-31,6,NA,NA,NA,NA,2,NA,NA
4,J,2017-08-02,6,NA,NA,NA,NA,2,NA,NA
4,J,2017-08-05,4,NA,NA,NA,2 leaves died (bottom),2.1,NA,NA
4,J,2017-08-07,4,NA,NA,NA,"- Cots have shrivled up and died
- Discoloration on styrofoam plot
",2,NA,NA
4,J,2017-08-09,5,NA,NA,NA,NA,2.3,NA,NA
4,J,2017-08-11,3,NA,NA,NA,Animal tilted; missing leaf?,2.5,NA,NA
4,J,2017-08-12,3,NA,NA,NA,NA,2.7,NA,NA
4,J,2017-08-14,4,NA,NA,NA,NA,2.7,NA,NA
4,J,2017-08-16,NA,NA,NA,NA,NA,NA,NA,NA
4,J,2017-08-18,NA,NA,NA,NA,NA,NA,NA,NA
4,J,2017-08-21,NA,NA,NA,NA,NA,NA,NA,NA
4,J,2017-08-23,NA,NA,NA,NA,NA,NA,NA,NA
4,J,2017-08-25,NA,NA,NA,NA,NA,NA,NA,NA
4,J,2017-08-28,NA,NA,NA,NA,NA,NA,NA,NA
4,K,2017-07-24,NA,NA,NA,NA,NA,NA,NA,NA
4,K,2017-07-26,2,NA,NA,NA,NA,1.1,NA,NA
4,K,2017-07-28,3,NA,NA,NA,1 true leaf is browning,1,NA,NA
4,K,2017-07-30,3,NA,NA,NA,Cot or true leaf is browning,1,NA,NA
4,K,2017-07-31,3,NA,NA,NA,Back cot is browning,1,NA,NA
4,K,2017-08-02,4,NA,NA,NA,Cot is really brown,1,NA,NA
4,K,2017-08-05,2,NA,NA,NA,2 leaves died (bottom),0.9,NA,NA
4,K,2017-08-07,2,NA,NA,NA,Cots have died,1,NA,NA
4,K,2017-08-09,2,NA,NA,NA,NA,1,NA,NA
4,K,2017-08-11,2,NA,NA,NA,NA,1,NA,NA
4,K,2017-08-12,2,NA,NA,NA,NA,1,NA,NA
4,K,2017-08-14,2,NA,NA,NA,NA,1,NA,NA
4,K,2017-08-16,NA,NA,NA,NA,NA,NA,NA,NA
4,K,2017-08-18,2,NA,NA,NA,NA,NA,NA,NA
4,K,2017-08-21,NA,NA,NA,NA,NA,NA,NA,NA
4,K,2017-08-23,NA,NA,NA,NA,NA,NA,NA,NA
4,K,2017-08-25,NA,NA,NA,NA,NA,NA,NA,NA
4,K,2017-08-28,NA,NA,NA,NA,NA,NA,NA,NA
4,L,2017-07-24,NA,NA,NA,NA,NA,NA,NA,NA
4,L,2017-07-26,4,NA,NA,NA,NA,1,NA,NA
4,L,2017-07-28,4,NA,NA,NA,NA,1.5,NA,NA
4,L,2017-07-30,5,NA,NA,NA,NA,1.75,NA,NA
4,L,2017-07-31,5,NA,NA,NA,NA,1.5,NA,NA
4,L,2017-08-02,5,NA,NA,NA,NA,1.8,NA,NA
4,L,2017-08-05,5,NA,NA,NA,NA,1.8,NA,NA
4,L,2017-08-07,5,NA,NA,NA,NA,1.8,NA,NA
4,L,2017-08-09,5,NA,NA,NA,Very pale; browning,1.5,NA,NA
4,L,2017-08-11,5,NA,NA,NA,NA,1.5,NA,NA
4,L,2017-08-12,6,NA,NA,NA,"Really brown, pale, sickly?",1.8,NA,NA
4,L,2017-08-14,6,NA,NA,NA,Really pale,1.7,NA,NA
4,L,2017-08-16,NA,NA,NA,NA,NA,NA,NA,NA
4,L,2017-08-18,NA,NA,NA,NA,appears stunted and almost dead,NA,NA,NA
4,L,2017-08-21,NA,NA,NA,NA,NA,NA,NA,NA
4,L,2017-08-23,NA,NA,NA,NA,NA,NA,NA,NA
4,L,2017-08-25,NA,NA,NA,NA,NA,NA,NA,NA
4,L,2017-08-28,NA,NA,NA,NA,NA,NA,NA,NA
4,M,2017-07-24,NA,NA,NA,NA,NA,NA,NA,NA
4,M,2017-07-26,5,NA,NA,NA,NA,1.1,NA,NA
4,M,2017-07-28,5,NA,NA,NA,NA,2,NA,NA
4,M,2017-07-30,6,NA,NA,NA,NA,2,NA,NA
4,M,2017-07-31,6,NA,NA,NA,NA,2,NA,NA
4,M,2017-08-02,6,NA,NA,NA,NA,2,NA,NA
4,M,2017-08-05,7,NA,NA,NA,NA,2.6,NA,NA
4,M,2017-08-07,5,NA,NA,NA,discoloration on styrofoam plot,2.4,NA,NA
4,M,2017-08-09,5,NA,NA,NA,NA,3,NA,NA
4,M,2017-08-11,5,NA,NA,NA,NA,2,NA,NA
4,M,2017-08-12,6,NA,NA,NA,NA,2.3,NA,NA
4,M,2017-08-14,6,NA,NA,NA,NA,3,NA,NA
4,M,2017-08-16,NA,NA,NA,NA,NA,NA,NA,NA
4,M,2017-08-18,NA,NA,NA,NA,NA,NA,NA,NA
4,M,2017-08-21,NA,NA,NA,NA,NA,NA,NA,NA
4,M,2017-08-23,NA,NA,NA,NA,NA,NA,NA,NA
4,M,2017-08-25,NA,NA,NA,NA,NA,NA,NA,NA
4,M,2017-08-28,NA,NA,NA,NA,NA,NA,NA,NA
5,A,2017-07-24,4,NA,NA,NA,Green,0.5,NA,NA
5,A,2017-07-26,4,NA,NA,NA,One leave is starting to die,1,NA,NA
5,A,2017-07-28,2,NA,NA,NA,tip of leaf brown,1.4,NA,NA
5,A,2017-07-30,3,NA,NA,NA,NA,1,NA,NA
5,A,2017-07-31,5,NA,NA,NA,one leaf dead,1,NA,NA
5,A,2017-08-02,5,NA,NA,NA,-2,1,NA,NA
5,A,2017-08-05,5,NA,NA,NA,-2,1,NA,NA
5,A,2017-08-07,3,NA,NA,NA,NA,1,NA,NA
5,A,2017-08-09,3,NA,NA,NA,NA,1,NA,NA
5,A,2017-08-11,3,NA,NA,NA,NA,NA,NA,NA
5,A,2017-08-12,3,NA,NA,NA,One leave brown,1.5,NA,NA
5,A,2017-08-14,3,NA,NA,NA,One leaf brown,1.2,NA,NA
5,A,2017-08-16,NA,NA,NA,NA,NA,NA,NA,NA
5,A,2017-08-18,NA,NA,NA,NA,NA,NA,NA,NA
5,A,2017-08-21,NA,NA,NA,NA,NA,NA,NA,NA
5,A,2017-08-23,NA,NA,NA,NA,NA,NA,NA,NA
5,A,2017-08-25,NA,NA,NA,NA,NA,NA,NA,NA
5,A,2017-08-28,NA,NA,NA,NA,NA,NA,NA,NA
5,B,2017-07-24,5,NA,NA,NA,purple,1,NA,NA
5,B,2017-07-26,5,NA,NA,NA,NA,1.5,NA,NA
5,B,2017-07-28,4,NA,NA,NA,NA,1.5,NA,NA
5,B,2017-07-30,5,NA,NA,NA,NA,1.5,NA,NA
5,B,2017-07-31,5,NA,NA,NA,NA,1.5,NA,NA
5,B,2017-08-02,5,NA,NA,NA,NA,1.5,NA,NA
5,B,2017-08-05,6,NA,NA,NA,-1,1.8,NA,NA
5,B,2017-08-07,4,NA,NA,NA,NA,2.1,NA,NA
5,B,2017-08-09,4,NA,NA,NA,NA,1.8,NA,NA
5,B,2017-08-11,5,NA,NA,NA,NA,2.6,NA,NA
5,B,2017-08-12,5,NA,NA,NA,NA,1.9,NA,NA
5,B,2017-08-14,4,NA,NA,NA,NA,1.6,NA,NA
5,B,2017-08-16,NA,NA,NA,NA,Fell thru into water,NA,NA,NA
5,B,2017-08-18,NA,NA,NA,NA,NA,NA,NA,NA
5,B,2017-08-21,NA,NA,NA,NA,NA,NA,NA,NA
5,B,2017-08-23,NA,NA,NA,NA,NA,NA,NA,NA
5,B,2017-08-25,NA,NA,NA,NA,NA,NA,NA,NA
5,B,2017-08-28,NA,NA,NA,NA,NA,NA,NA,NA
5,C,2017-07-24,5,NA,NA,NA,purple,1.5,NA,NA
5,C,2017-07-26,5,NA,NA,NA,NA,1,NA,NA
5,C,2017-07-28,5,NA,NA,NA,NA,1.5,NA,NA
5,C,2017-07-30,5,NA,NA,NA,NA,1.5,NA,NA
5,C,2017-07-31,5,NA,NA,NA,NA,1.5,NA,NA
5,C,2017-08-02,5,NA,NA,NA,NA,1.5,NA,NA
5,C,2017-08-05,6,NA,NA,NA,-2,1.8,NA,NA
5,C,2017-08-07,4,NA,NA,NA,NA,1.3,NA,NA
5,C,2017-08-09,4,NA,NA,NA,NA,1.8,NA,NA
5,C,2017-08-11,5,NA,NA,NA,tip of leave brown,2,NA,NA
5,C,2017-08-12,5,NA,NA,NA,one is dying,1,NA,NA
5,C,2017-08-14,4,NA,NA,NA,NA,1.3,NA,NA
5,C,2017-08-16,NA,NA,NA,NA,NA,NA,NA,NA
5,C,2017-08-18,NA,NA,NA,NA,NA,NA,NA,NA
5,C,2017-08-21,NA,NA,NA,NA,NA,NA,NA,NA
5,C,2017-08-23,NA,NA,NA,NA,NA,NA,NA,NA
5,C,2017-08-25,NA,NA,NA,NA,NA,NA,NA,NA
5,C,2017-08-28,NA,NA,NA,NA,NA,NA,NA,NA
5,D,2017-07-24,5,NA,NA,NA,Purple,1.2,NA,NA
5,D,2017-07-26,5,NA,NA,NA,NA,1.5,NA,NA
5,D,2017-07-28,5,NA,NA,NA,NA,1.5,NA,NA
5,D,2017-07-30,3,NA,NA,NA,NA,1.5,NA,NA
5,D,2017-07-31,5,NA,NA,NA,NA,1.5,NA,NA
5,D,2017-08-02,5,NA,NA,NA,NA,1.5,NA,NA
5,D,2017-08-05,5,NA,NA,NA,-1,1.2,NA,NA
5,D,2017-08-07,4,NA,NA,NA,NA,1.7,NA,NA
5,D,2017-08-09,5,NA,NA,NA,NA,2.5,NA,NA
5,D,2017-08-11,4,NA,NA,NA,NA,1.9,NA,NA
5,D,2017-08-12,5,NA,NA,NA,NA,2.2,NA,NA
5,D,2017-08-14,4,NA,NA,NA,NA,1.8,NA,NA
5,D,2017-08-16,NA,NA,NA,NA,NA,NA,NA,NA
5,D,2017-08-18,NA,NA,NA,NA,NA,NA,NA,NA
5,D,2017-08-21,NA,NA,NA,NA,NA,NA,NA,NA
5,D,2017-08-23,NA,NA,NA,NA,NA,NA,NA,NA
5,D,2017-08-25,NA,NA,NA,NA,NA,NA,NA,NA
5,D,2017-08-28,NA,NA,NA,NA,NA,NA,NA,NA
5,E,2017-07-24,4,NA,NA,NA,Green,1.5,NA,NA
5,E,2017-07-26,5,NA,NA,NA,NA,1.5,NA,NA
5,E,2017-07-28,5,NA,NA,NA,NA,1.5,NA,NA
5,E,2017-07-30,4,NA,NA,NA,NA,1.5,NA,NA
5,E,2017-07-31,5,NA,NA,NA,NA,1.4,NA,NA
5,E,2017-08-02,5,NA,NA,NA,Insects coming out,1.5,NA,NA
5,E,2017-08-05,6,NA,NA,NA,"-2,yellow leafs",1.1,NA,NA
5,E,2017-08-07,4,NA,NA,NA,brown tip on leaf,1,NA,NA
5,E,2017-08-09,3,NA,NA,NA,NA,1,NA,NA
5,E,2017-08-11,4,NA,NA,NA,NA,0.6,NA,NA
5,E,2017-08-12,4,NA,NA,NA,One Leave is brown,1.3,NA,NA
5,E,2017-08-14,4,NA,NA,NA,Brown tips on one leaf,0.9,NA,NA
5,E,2017-08-16,NA,NA,NA,NA,NA,NA,NA,NA
5,E,2017-08-18,NA,NA,NA,NA,NA,NA,NA,NA
5,E,2017-08-21,NA,NA,NA,NA,NA,NA,NA,NA
5,E,2017-08-23,NA,NA,NA,NA,NA,NA,NA,NA
5,E,2017-08-25,NA,NA,NA,NA,NA,NA,NA,NA
5,E,2017-08-28,NA,NA,NA,NA,NA,NA,NA,NA
5,F,2017-07-24,5,NA,NA,NA,Purple,1.5,NA,NA
5,F,2017-07-26,5,NA,NA,NA,NA,2,NA,NA
5,F,2017-07-28,6,NA,NA,NA,NA,1.5,NA,NA
5,F,2017-07-30,6,NA,NA,NA,NA,2,NA,NA
5,F,2017-07-31,6,NA,NA,NA,NA,1.7,NA,NA
5,F,2017-08-02,6,NA,NA,NA,NA,2,NA,NA
5,F,2017-08-05,6,NA,NA,NA,-1,2.4,NA,NA
5,F,2017-08-07,4,NA,NA,NA,NA,2.5,NA,NA
5,F,2017-08-09,4,NA,NA,NA,NA,3,NA,NA
5,F,2017-08-11,4,NA,NA,NA,NA,2.3,NA,NA
5,F,2017-08-12,5,NA,NA,NA,1 dying,3,NA,NA
5,F,2017-08-14,4,NA,NA,NA,NA,3.1,NA,NA
5,F,2017-08-16,NA,NA,NA,NA,NA,NA,NA,NA
5,F,2017-08-18,NA,NA,NA,NA,NA,NA,NA,NA
5,F,2017-08-21,NA,NA,NA,NA,NA,NA,NA,NA
5,F,2017-08-23,NA,NA,NA,NA,NA,NA,NA,NA
5,F,2017-08-25,NA,NA,NA,NA,NA,NA,NA,NA
5,F,2017-08-28,NA,NA,NA,NA,NA,NA,NA,NA
5,G,2017-07-24,4,NA,NA,NA,Purple,2,NA,NA
5,G,2017-07-26,5,NA,NA,NA,NA,2.5,NA,NA
5,G,2017-07-28,5,NA,NA,NA,NA,2,NA,NA
5,G,2017-07-30,6,NA,NA,NA,NA,2,NA,NA
5,G,2017-07-31,NA,NA,NA,NA,NA,1.6,NA,NA
5,G,2017-08-02,6,NA,NA,NA,NA,1.8,NA,NA
5,G,2017-08-05,6,NA,NA,NA,-1,2,NA,NA
5,G,2017-08-07,5,NA,NA,NA,1 dead cot,2.5,NA,NA
5,G,2017-08-09,5,NA,NA,NA,NA,3,NA,NA
5,G,2017-08-11,4,NA,NA,NA,Tips of the leaves are brown,2.8,NA,NA
5,G,2017-08-12,4,NA,NA,NA,1 dead leaf,3.7,NA,NA
5,G,2017-08-14,5,NA,NA,NA,NA,3,NA,NA
5,G,2017-08-16,NA,NA,NA,NA,NA,NA,NA,NA
5,G,2017-08-18,NA,NA,NA,NA,NA,NA,NA,NA
5,G,2017-08-21,NA,NA,NA,NA,NA,NA,NA,NA
5,G,2017-08-23,NA,NA,NA,NA,NA,NA,NA,NA
5,G,2017-08-25,NA,NA,NA,NA,NA,NA,NA,NA
5,G,2017-08-28,NA,NA,NA,NA,NA,NA,NA,NA
5,Growth Bed,2017-07-24,NA,4.615384615384615,NA,NA,NA,NA,1.2461538461538464,NA
5,Growth Bed,2017-07-26,NA,4.846153846153846,NA,NA,NA,NA,1.5,NA
5,Growth Bed,2017-07-28,NA,4.230769230769232,NA,NA,NA,NA,1.4692307692307691,NA
5,Growth Bed,2017-07-30,NA,4.769230769230769,NA,NA,NA,NA,1.5769230769230769,NA
5,Growth Bed,2017-07-31,NA,5.25,NA,NA,NA,NA,1.3333333333333333,NA
5,Growth Bed,2017-08-02,NA,5.0769230769230775,NA,NA,NA,NA,1.5769230769230769,NA
5,Growth Bed,2017-08-05,NA,5.615384615384615,NA,NA,NA,NA,1.7230769230769234,NA
5,Growth Bed,2017-08-07,NA,4.153846153846154,NA,NA,NA,NA,1.7153846153846153,NA
5,Growth Bed,2017-08-09,NA,4.230769230769232,41,NA,NA,NA,2.0384615384615388,13
5,Growth Bed,2017-08-11,NA,4.307692307692308,33600,NA,NA,NA,1.7833333333333334,10.5
5,Growth Bed,2017-08-12,NA,4.6923076923076925,NA,NA,NA,NA,1.9076923076923076,NA
5,Growth Bed,2017-08-14,NA,3.923076923076923,26,NA,NA,NA,1.7384615384615385,9.5
5,Growth Bed,2017-08-16,NA,4,NA,green smaller than purple,NA,NA,1.5,NA
5,Growth Bed,2017-08-18,NA,4,NA,Green plants at least one leaf on each lacks pigment (yellow). Smaller than red variety,NA,NA,1.5,NA
5,Growth Bed,2017-08-21,NA,4,NA,Smallest crop out of all tanks. Green variety smaller than red.,NA,NA,1,NA
5,Growth Bed,2017-08-23,NA,5,NA,"Most have 2 dead cots, green variety very yellow",NA,NA,1.5,NA
5,Growth Bed,2017-08-25,NA,4,NA,Some green/brown algae on roots,NA,NA,1.28,7.3
5,Growth Bed,2017-08-28,NA,4.33,NA,Some dead bugs on back of grow tray,NA,NA,1.25,9
5,H,2017-07-24,5,NA,NA,NA,Purple,1.5,NA,NA
5,H,2017-07-26,5,NA,NA,NA,NA,1.5,NA,NA
5,H,2017-07-28,5,NA,NA,NA,NA,1.5,NA,NA
5,H,2017-07-30,5,NA,NA,NA,NA,2,NA,NA
5,H,2017-07-31,6,NA,NA,NA,NA,1.4,NA,NA
5,H,2017-08-02,5,NA,NA,NA,NA,2.2,NA,NA
5,H,2017-08-05,6,NA,NA,NA,-1,2.3,NA,NA
5,H,2017-08-07,5,NA,NA,NA,1 dead cot,1.9,NA,NA
5,H,2017-08-09,4,NA,NA,NA,NA,2.5,NA,NA
5,H,2017-08-11,3,NA,NA,NA,NA,1.3,NA,NA
5,H,2017-08-12,4,NA,NA,NA,1 leaf dead,1.3,NA,NA
5,H,2017-08-14,4,NA,NA,NA,NA,2,NA,NA
5,H,2017-08-16,NA,NA,NA,NA,NA,NA,NA,NA
5,H,2017-08-18,NA,NA,NA,NA,NA,NA,NA,NA
5,H,2017-08-21,NA,NA,NA,NA,NA,NA,NA,NA
5,H,2017-08-23,NA,NA,NA,NA,NA,NA,NA,NA
5,H,2017-08-25,NA,NA,NA,NA,NA,NA,NA,NA
5,H,2017-08-28,NA,NA,NA,NA,NA,NA,NA,NA
5,I,2017-07-24,4,NA,NA,NA,Green,1.5,NA,NA
5,I,2017-07-26,5,NA,NA,NA,NA,1.5,NA,NA
5,I,2017-07-28,3,NA,NA,NA,NA,1.3,NA,NA
5,I,2017-07-30,5,NA,NA,NA,NA,1,NA,NA
5,I,2017-07-31,5,NA,NA,NA,Flyes escaping when moving the growbed,1,NA,NA
5,I,2017-08-02,5,NA,NA,NA,NA,1.5,NA,NA
5,I,2017-08-05,6,NA,NA,NA,-1,1.6,NA,NA
5,I,2017-08-07,4,NA,NA,NA,NA,1.4,NA,NA
5,I,2017-08-09,3,NA,NA,NA,NA,1.5,NA,NA
5,I,2017-08-11,4,NA,NA,NA,tips are yellow,0.8,NA,NA
5,I,2017-08-12,4,NA,NA,NA,1leaf dead,1.5,NA,NA
5,I,2017-08-14,3,NA,NA,NA,Brown tips on one leaf,0.8,NA,NA
5,I,2017-08-16,NA,NA,NA,NA,NA,NA,NA,NA
5,I,2017-08-18,NA,NA,NA,NA,NA,NA,NA,NA
5,I,2017-08-21,NA,NA,NA,NA,NA,NA,NA,NA
5,I,2017-08-23,NA,NA,NA,NA,NA,NA,NA,NA
5,I,2017-08-25,NA,NA,NA,NA,NA,NA,NA,NA
5,I,2017-08-28,NA,NA,NA,NA,NA,NA,NA,NA
5,J,2017-07-24,5,NA,NA,NA,Purple,0.5,NA,NA
5,J,2017-07-26,4,NA,NA,NA,NA,1.5,NA,NA
5,J,2017-07-28,4,NA,NA,NA,NA,1.5,NA,NA
5,J,2017-07-30,5,NA,NA,NA,NA,1.5,NA,NA
5,J,2017-07-31,5,NA,NA,NA,NA,1.2,NA,NA
5,J,2017-08-02,5,NA,NA,NA,NA,1.6,NA,NA
5,J,2017-08-05,6,NA,NA,NA,NA,1.8,NA,NA
5,J,2017-08-07,5,NA,NA,NA,NA,1.5,NA,NA
5,J,2017-08-09,6,NA,NA,NA,NA,2.1,NA,NA
5,J,2017-08-11,7,NA,NA,NA,NA,1.9,NA,NA
5,J,2017-08-12,7,NA,NA,NA,NA,1.9,NA,NA
5,J,2017-08-14,7,NA,NA,NA,NA,1.7,NA,NA
5,J,2017-08-16,NA,NA,NA,NA,NA,NA,NA,NA
5,J,2017-08-18,NA,NA,NA,NA,NA,NA,NA,NA
5,J,2017-08-21,NA,NA,NA,NA,NA,NA,NA,NA
5,J,2017-08-23,NA,NA,NA,NA,NA,NA,NA,NA
5,J,2017-08-25,NA,NA,NA,NA,NA,NA,NA,NA
5,J,2017-08-28,NA,NA,NA,NA,NA,NA,NA,NA
5,K,2017-07-24,4,NA,NA,NA,Purple,0.5,NA,NA
5,K,2017-07-26,5,NA,NA,NA,NA,1,NA,NA
5,K,2017-07-28,4,NA,NA,NA,NA,0.6,NA,NA
5,K,2017-07-30,5,NA,NA,NA,insect eggs placed everywhere,1.5,NA,NA
5,K,2017-07-31,5,NA,NA,NA,still insect eggs,0.6,NA,NA
5,K,2017-08-02,5,NA,NA,NA,insect eggs growing,1.3,NA,NA
5,K,2017-08-05,5,NA,NA,NA,some of the eggs are disappearing,1.9,NA,NA
5,K,2017-08-07,4,NA,NA,NA,white spots on all leaves,1.5,NA,NA
5,K,2017-08-09,5,NA,NA,NA,More bugs appeared,1.8,NA,NA
5,K,2017-08-11,3,NA,NA,NA,NA,1.5,NA,NA
5,K,2017-08-12,5,NA,NA,NA,one leaf dead,1.6,NA,NA
5,K,2017-08-14,1,NA,NA,NA,All leaves dead,1.4,NA,NA
5,K,2017-08-16,NA,NA,NA,NA,NA,NA,NA,NA
5,K,2017-08-18,NA,NA,NA,NA,NA,NA,NA,NA
5,K,2017-08-21,NA,NA,NA,NA,NA,NA,NA,NA
5,K,2017-08-23,NA,NA,NA,NA,NA,NA,NA,NA
5,K,2017-08-25,NA,NA,NA,NA,NA,NA,NA,NA
5,K,2017-08-28,NA,NA,NA,NA,NA,NA,NA,NA
5,L,2017-07-24,5,NA,NA,NA,Green,1,NA,NA
5,L,2017-07-26,5,NA,NA,NA,NA,0.5,NA,NA
5,L,2017-07-28,3,NA,NA,NA,NA,1.3,NA,NA
5,L,2017-07-30,5,NA,NA,NA,NA,1.5,NA,NA
5,L,2017-07-31,5,NA,NA,NA,NA,NA,NA,NA
5,L,2017-08-02,4,NA,NA,NA,NA,1.4,NA,NA
5,L,2017-08-05,4,NA,NA,NA,NA,1.5,NA,NA
5,L,2017-08-07,4,NA,NA,NA,NA,1.4,NA,NA
5,L,2017-08-09,4,NA,NA,NA,Tips of the leaves are starting to yellow,1.5,NA,NA
5,L,2017-08-11,5,NA,NA,NA,NA,1,NA,NA
5,L,2017-08-12,5,NA,NA,NA,1 leaf yellow,1.2,NA,NA
5,L,2017-08-14,4,NA,NA,NA,NA,1.3,NA,NA
5,L,2017-08-16,NA,NA,NA,NA,NA,NA,NA,NA
5,L,2017-08-18,NA,NA,NA,NA,NA,NA,NA,NA
5,L,2017-08-21,NA,NA,NA,NA,NA,NA,NA,NA
5,L,2017-08-23,NA,NA,NA,NA,NA,NA,NA,NA
5,L,2017-08-25,NA,NA,NA,NA,NA,NA,NA,NA
5,L,2017-08-28,NA,NA,NA,NA,NA,NA,NA,NA
5,M,2017-07-24,5,NA,NA,NA,Purple,2,NA,NA
5,M,2017-07-26,5,NA,NA,NA,NA,2.5,NA,NA
5,M,2017-07-28,4,NA,NA,NA,NA,2,NA,NA
5,M,2017-07-30,5,NA,NA,NA,NA,2,NA,NA
5,M,2017-07-31,6,NA,NA,NA,NA,1.6,NA,NA
5,M,2017-08-02,5,NA,NA,NA,NA,1.7,NA,NA
5,M,2017-08-05,6,NA,NA,NA,-2,2,NA,NA
5,M,2017-08-07,4,NA,NA,NA,NA,2.5,NA,NA
5,M,2017-08-09,5,NA,NA,NA,NA,3,NA,NA
5,M,2017-08-11,5,NA,NA,NA,NA,2.7,NA,NA
5,M,2017-08-12,5,NA,NA,NA,NA,2.7,NA,NA
5,M,2017-08-14,4,NA,NA,NA,NA,2.5,NA,NA
5,M,2017-08-16,NA,NA,NA,NA,NA,NA,NA,NA
5,M,2017-08-18,NA,NA,NA,NA,NA,NA,NA,NA
5,M,2017-08-21,NA,NA,NA,NA,NA,NA,NA,NA
5,M,2017-08-23,NA,NA,NA,NA,NA,NA,NA,NA
5,M,2017-08-25,NA,NA,NA,NA,NA,NA,NA,NA
5,M,2017-08-28,NA,NA,NA,NA,NA,NA,NA,NA
6,A,2017-07-24,4,NA,NA,NA,Green,1.5,NA,NA
6,A,2017-07-26,4,NA,NA,NA,None,1.5,NA,NA
6,A,2017-07-28,5,NA,NA,NA,None,1.6,NA,NA
6,A,2017-07-30,4,NA,NA,NA,None,1.8,NA,NA
6,A,2017-07-31,4,NA,NA,NA,None,2,NA,NA
6,A,2017-08-02,4,NA,NA,NA,None,1.6,NA,NA
6,A,2017-08-05,6,NA,NA,NA,2 dead cots,1.2,NA,NA
6,A,2017-08-07,5,NA,NA,NA,1 dead leaf,1.5,NA,NA
6,A,2017-08-09,5,NA,NA,NA,1 leaf has brown tip,1,NA,NA
6,A,2017-08-11,4,NA,NA,NA,None,1,NA,NA
6,A,2017-08-12,3,NA,NA,NA,1 leaf died,1.1,NA,NA
6,A,2017-08-14,5,NA,NA,NA,Flattened leaves,0.5,NA,NA
6,A,2017-08-16,NA,NA,NA,NA,NA,NA,NA,NA
6,A,2017-08-18,NA,NA,NA,NA,Smallest plant,NA,NA,NA
6,A,2017-08-21,NA,NA,NA,NA,NA,NA,NA,NA
6,A,2017-08-23,NA,NA,NA,NA,NA,NA,NA,NA
6,A,2017-08-25,NA,NA,NA,NA,NA,NA,NA,NA
6,A,2017-08-28,NA,NA,NA,NA,NA,NA,NA,NA
6,B,2017-07-24,3,NA,NA,NA,Purple,2,NA,NA
6,B,2017-07-26,4,NA,NA,NA,None,2,NA,NA
6,B,2017-07-28,4,NA,NA,NA,None,2.9,NA,NA
6,B,2017-07-30,4,NA,NA,NA,None,2.6,NA,NA
6,B,2017-07-31,4,NA,NA,NA,None,2.8,NA,NA
6,B,2017-08-02,5,NA,NA,NA,None,2.5,NA,NA
6,B,2017-08-05,6,NA,NA,NA,2 dead cots,2.5,NA,NA
6,B,2017-08-07,6,NA,NA,NA,2 dead cots,2.5,NA,NA
6,B,2017-08-09,6,NA,NA,NA,2 dead cots,2.2,NA,NA
6,B,2017-08-11,5,NA,NA,NA,None,1.5,NA,NA
6,B,2017-08-12,3,NA,NA,NA,2 leaves died,1.2,NA,NA
6,B,2017-08-14,6,NA,NA,NA,2 dead leaves,1.3,NA,NA
6,B,2017-08-16,NA,NA,NA,NA,NA,NA,NA,NA
6,B,2017-08-18,NA,NA,NA,NA,NA,NA,NA,NA
6,B,2017-08-21,NA,NA,NA,NA,NA,NA,NA,NA
6,B,2017-08-23,NA,NA,NA,NA,NA,NA,NA,NA
6,B,2017-08-25,NA,NA,NA,NA,NA,NA,NA,NA
6,B,2017-08-28,NA,NA,NA,NA,NA,NA,NA,NA
6,C,2017-07-24,5,NA,NA,NA,Purple,1,NA,NA
6,C,2017-07-26,5,NA,NA,NA,None,1,NA,NA
6,C,2017-07-28,5,NA,NA,NA,None,1.1,NA,NA
6,C,2017-07-30,4,NA,NA,NA,None,1.1,NA,NA
6,C,2017-07-31,4,NA,NA,NA,None,1.1,NA,NA
6,C,2017-08-02,6,NA,NA,NA,None,1.2,NA,NA
6,C,2017-08-05,6,NA,NA,NA,2 dead cots,1.1,NA,NA
6,C,2017-08-07,5,NA,NA,NA,2 dead leaves,1,NA,NA
6,C,2017-08-09,4,NA,NA,NA,2 dead cots,1,NA,NA
6,C,2017-08-11,5,NA,NA,NA,has a long brown string,3.5,NA,NA
6,C,2017-08-12,5,NA,NA,NA,1 leaf browning,3,NA,NA
6,C,2017-08-14,6,NA,NA,NA,1 long brown string,2.5,NA,NA
6,C,2017-08-16,NA,NA,NA,NA,NA,NA,NA,NA
6,C,2017-08-18,NA,NA,NA,NA,2 dead leaves,NA,NA,NA
6,C,2017-08-21,NA,NA,NA,NA,NA,NA,NA,NA
6,C,2017-08-23,NA,NA,NA,NA,NA,NA,NA,NA
6,C,2017-08-25,NA,NA,NA,NA,NA,NA,NA,NA
6,C,2017-08-28,NA,NA,NA,NA,NA,NA,NA,NA
6,D,2017-07-24,6,NA,NA,NA,Purple,3,NA,NA
6,D,2017-07-26,6,NA,NA,NA,None,2.5,NA,NA
6,D,2017-07-28,4,NA,NA,NA,None,2.6,NA,NA
6,D,2017-07-30,5,NA,NA,NA,None,2.8,NA,NA
6,D,2017-07-31,5,NA,NA,NA,None,3,NA,NA
6,D,2017-08-02,5,NA,NA,NA,1 cot dead,2.8,NA,NA
6,D,2017-08-05,6,NA,NA,NA,2 dead cots,2.6,NA,NA
6,D,2017-08-07,6,NA,NA,NA,2 dead leaves,2.6,NA,NA
6,D,2017-08-09,6,NA,NA,NA,1 dead cot and leaf,2.1,NA,NA
6,D,2017-08-11,6,NA,NA,NA,None,2.2,NA,NA
6,D,2017-08-12,5,NA,NA,NA,1 leaf browning,3,NA,NA
6,D,2017-08-14,7,NA,NA,NA,2 brown dead leaves,2.1,NA,NA
6,D,2017-08-16,NA,NA,NA,NA,NA,NA,NA,NA
6,D,2017-08-18,NA,NA,NA,NA,NA,NA,NA,NA
6,D,2017-08-21,NA,NA,NA,NA,NA,NA,NA,NA
6,D,2017-08-23,NA,NA,NA,NA,NA,NA,NA,NA
6,D,2017-08-25,NA,NA,NA,NA,NA,NA,NA,NA
6,D,2017-08-28,NA,NA,NA,NA,NA,NA,NA,NA
6,E,2017-07-24,5,NA,NA,NA,Green,2,NA,NA
6,E,2017-07-26,4,NA,NA,NA,None,2.4,NA,NA
6,E,2017-07-28,4,NA,NA,NA,None,2.2,NA,NA
6,E,2017-07-30,4,NA,NA,NA,None,2,NA,NA
6,E,2017-07-31,4,NA,NA,NA,None,2,NA,NA
6,E,2017-08-02,4,NA,NA,NA,2 cots dead,1.2,NA,NA
6,E,2017-08-05,6,NA,NA,NA,1 dead cot,1.5,NA,NA
6,E,2017-08-07,4,NA,NA,NA,None,1.6,NA,NA
6,E,2017-08-09,4,NA,NA,NA,None,1.5,NA,NA
6,E,2017-08-11,5,NA,NA,NA,None,1,NA,NA
6,E,2017-08-12,4,NA,NA,NA,1 leaf dying,1.1,NA,NA
6,E,2017-08-14,5,NA,NA,NA,None,1,NA,NA
6,E,2017-08-16,NA,NA,NA,NA,NA,NA,NA,NA
6,E,2017-08-18,NA,NA,NA,NA,NA,NA,NA,NA
6,E,2017-08-21,NA,NA,NA,NA,NA,NA,NA,NA
6,E,2017-08-23,NA,NA,NA,NA,NA,NA,NA,NA
6,E,2017-08-25,NA,NA,NA,NA,NA,NA,NA,NA
6,E,2017-08-28,NA,NA,NA,NA,NA,NA,NA,NA
6,F,2017-07-24,5,NA,NA,NA,Purple,1,NA,NA
6,F,2017-07-26,4,NA,NA,NA,None,1.5,NA,NA
6,F,2017-07-28,5,NA,NA,NA,None,1.5,NA,NA
6,F,2017-07-30,5,NA,NA,NA,None,1.6,NA,NA
6,F,2017-07-31,5,NA,NA,NA,None,1.9,NA,NA
6,F,2017-08-02,4,NA,NA,NA,2 cots dead,1.7,NA,NA
6,F,2017-08-05,6,NA,NA,NA,1 dead cot,1.5,NA,NA
6,F,2017-08-07,5,NA,NA,NA,1 dead leaf,1.4,NA,NA
6,F,2017-08-09,5,NA,NA,NA,1 dead cot,1.5,NA,NA
6,F,2017-08-11,6,NA,NA,NA,1 dead cot.,1.5,NA,NA
6,F,2017-08-12,6,NA,NA,NA,1 edge browning,1.8,NA,NA
6,F,2017-08-14,6,NA,NA,NA,2 dead cots,0.5,NA,NA
6,F,2017-08-16,NA,NA,NA,NA,NA,NA,NA,NA
6,F,2017-08-18,NA,NA,NA,NA,NA,NA,NA,NA
6,F,2017-08-21,NA,NA,NA,NA,NA,NA,NA,NA
6,F,2017-08-23,NA,NA,NA,NA,NA,NA,NA,NA
6,F,2017-08-25,NA,NA,NA,NA,NA,NA,NA,NA
6,F,2017-08-28,NA,NA,NA,NA,NA,NA,NA,NA
6,G,2017-07-24,4,NA,NA,NA,Purple,2,NA,NA
6,G,2017-07-26,4,NA,NA,NA,None,2,NA,NA
6,G,2017-07-28,4,NA,NA,NA,None,1.5,NA,NA
6,G,2017-07-30,4,NA,NA,NA,None,2,NA,NA
6,G,2017-07-31,4,NA,NA,NA,None,2,NA,NA
6,G,2017-08-02,4,NA,NA,NA,1 cot dead,1.5,NA,NA
6,G,2017-08-05,5,NA,NA,NA,1 dead cot,1.6,NA,NA
6,G,2017-08-07,5,NA,NA,NA,1 dead cot.,1.7,NA,NA
6,G,2017-08-09,5,NA,NA,NA,1 dead cot,1.5,NA,NA
6,G,2017-08-11,4,NA,NA,NA,2 leaves dying,1.2,NA,NA
6,G,2017-08-12,3,NA,NA,NA,2 leaves died,1.6,NA,NA
6,G,2017-08-14,5,NA,NA,NA,2 dead leaves,1.4,NA,NA
6,G,2017-08-16,NA,NA,NA,NA,NA,NA,NA,NA
6,G,2017-08-18,NA,NA,NA,NA,NA,NA,NA,NA
6,G,2017-08-21,NA,NA,NA,NA,NA,NA,NA,NA
6,G,2017-08-23,NA,NA,NA,NA,NA,NA,NA,NA
6,G,2017-08-25,NA,NA,NA,NA,NA,NA,NA,NA
6,G,2017-08-28,NA,NA,NA,NA,NA,NA,NA,NA
6,Growth Bed,2017-07-24,NA,4.538461538461538,NA,NA,NA,NA,2.176923076923077,NA
6,Growth Bed,2017-07-26,NA,4.384615384615385,NA,NA,NA,NA,2.246153846153846,NA
6,Growth Bed,2017-07-28,NA,4.384615384615385,NA,NA,NA,NA,2.1692307692307695,NA
6,Growth Bed,2017-07-30,NA,4.307692307692308,NA,NA,NA,NA,2.2461538461538466,NA
6,Growth Bed,2017-07-31,NA,4.230769230769232,NA,NA,NA,NA,2.4,NA
6,Growth Bed,2017-08-02,NA,4.769230769230769,NA,NA,NA,NA,2.1692307692307695,NA
6,Growth Bed,2017-08-05,NA,5.9230769230769225,NA,NA,NA,NA,1.9769230769230768,NA
6,Growth Bed,2017-08-07,NA,5.230769230769232,27500,NA,NA,NA,1.8769230769230771,NA
6,Growth Bed,2017-08-09,NA,5.384615384615385,43,NA,NA,NA,1.9923076923076923,14
6,Growth Bed,2017-08-11,NA,4.846153846153846,28,NA,NA,NA,1.8769230769230771,8
6,Growth Bed,2017-08-12,NA,4.153846153846154,NA,NA,NA,NA,2.0076923076923086,NA
6,Growth Bed,2017-08-14,NA,5.615384615384615,16,NA,NA,NA,1.5384615384615385,16
6,Growth Bed,2017-08-16,NA,5,NA,NA,NA,NA,2,NA
6,Growth Bed,2017-08-18,NA,5,NA,Green variety losing pigment (yellowing),NA,NA,2.5,NA
6,Growth Bed,2017-08-21,NA,5,NA,Smallest green variety is equal to size of red variety,NA,NA,1.5,NA
6,Growth Bed,2017-08-23,NA,5.67,NA,Green variety very yellow,NA,NA,2.42,NA
6,Growth Bed,2017-08-25,NA,6.5,NA,"Biggest crops of tanks 4,5,6",NA,NA,2.92,13.5
6,Growth Bed,2017-08-28,NA,6.5,NA,Significant growth over weekend,NA,NA,3.38,15.67
6,H,2017-07-24,4,NA,NA,NA,Purple,1.5,NA,NA
6,H,2017-07-26,4,NA,NA,NA,None,1.5,NA,NA
6,H,2017-07-28,4,NA,NA,NA,"Black spots on growing medium, 1 cot dying",1.5,NA,NA
6,H,2017-07-30,4,NA,NA,NA,None,1.8,NA,NA
6,H,2017-07-31,4,NA,NA,NA,None,1.5,NA,NA
6,H,2017-08-02,5,NA,NA,NA,None,1.6,NA,NA
6,H,2017-08-05,5,NA,NA,NA,2 cots dead,1.4,NA,NA
6,H,2017-08-07,5,NA,NA,NA,2 dead cots.,1.3,NA,NA
6,H,2017-08-09,5,NA,NA,NA,2 dead cots,1.5,NA,NA
6,H,2017-08-11,4,NA,NA,NA,1 leaf dying,2.5,NA,NA
6,H,2017-08-12,3,NA,NA,NA,1 leaf died,2.3,NA,NA
6,H,2017-08-14,6,NA,NA,NA,1 dead lead and 1 dead cot,2.4,NA,NA
6,H,2017-08-16,NA,NA,NA,NA,NA,NA,NA,NA
6,H,2017-08-18,NA,NA,NA,NA,1 dead leaf,NA,NA,NA
6,H,2017-08-21,NA,NA,NA,NA,NA,NA,NA,NA
6,H,2017-08-23,NA,NA,NA,NA,NA,NA,NA,NA
6,H,2017-08-25,NA,NA,NA,NA,NA,NA,NA,NA
6,H,2017-08-28,NA,NA,NA,NA,NA,NA,NA,NA
6,I,2017-07-24,4,NA,NA,NA,Green,3,NA,NA
6,I,2017-07-26,4,NA,NA,NA,None,3.5,NA,NA
6,I,2017-07-28,4,NA,NA,NA,None,3.4,NA,NA
6,I,2017-07-30,5,NA,NA,NA,1 shiveled up leaf,2.8,NA,NA
6,I,2017-07-31,4,NA,NA,NA,1 shiveled up leaf,3.1,NA,NA
6,I,2017-08-02,5,NA,NA,NA,None,3.2,NA,NA
6,I,2017-08-05,6,NA,NA,NA,"2 dead cots, 2 leaves dying",2.6,NA,NA
6,I,2017-08-07,6,NA,NA,NA,1 dead leaf,1.5,NA,NA
6,I,2017-08-09,6,NA,NA,NA,1 dead cot.,2.5,NA,NA
6,I,2017-08-11,6,NA,NA,NA,"1 leaf dead, 1 cot dead",2.5,NA,NA
6,I,2017-08-12,5,NA,NA,NA,1 leaf died,3.1,NA,NA
6,I,2017-08-14,6,NA,NA,NA,None,2.1,NA,NA
6,I,2017-08-16,NA,NA,NA,NA,NA,NA,NA,NA
6,I,2017-08-18,NA,NA,NA,NA,NA,NA,NA,NA
6,I,2017-08-21,NA,NA,NA,NA,NA,NA,NA,NA
6,I,2017-08-23,NA,NA,NA,NA,NA,NA,NA,NA
6,I,2017-08-25,NA,NA,NA,NA,NA,NA,NA,NA
6,I,2017-08-28,NA,NA,NA,NA,NA,NA,NA,NA
6,J,2017-07-24,4,NA,NA,NA,Purple,2,NA,NA
6,J,2017-07-26,4,NA,NA,NA,None,2,NA,NA
6,J,2017-07-28,5,NA,NA,NA,None,1.5,NA,NA
6,J,2017-07-30,4,NA,NA,NA,None,2,NA,NA
6,J,2017-07-31,4,NA,NA,NA,None,2.1,NA,NA
6,J,2017-08-02,5,NA,NA,NA,1 cot dead,2,NA,NA
6,J,2017-08-05,6,NA,NA,NA,3 cots dead,1.7,NA,NA
6,J,2017-08-07,5,NA,NA,NA,None,1.5,NA,NA
6,J,2017-08-09,6,NA,NA,NA,1 dead cot,2.5,NA,NA
6,J,2017-08-11,4,NA,NA,NA,None,1.5,NA,NA
6,J,2017-08-12,4,NA,NA,NA,1 leaf is dying,1.4,NA,NA
6,J,2017-08-14,6,NA,NA,NA,2 dead cot,1.4,NA,NA
6,J,2017-08-16,NA,NA,NA,NA,NA,NA,NA,NA
6,J,2017-08-18,NA,NA,NA,NA,NA,NA,NA,NA
6,J,2017-08-21,NA,NA,NA,NA,NA,NA,NA,NA
6,J,2017-08-23,NA,NA,NA,NA,NA,NA,NA,NA
6,J,2017-08-25,NA,NA,NA,NA,NA,NA,NA,NA
6,J,2017-08-28,NA,NA,NA,NA,NA,NA,NA,NA
6,K,2017-07-24,5,NA,NA,NA,Purple,2,NA,NA
6,K,2017-07-26,4,NA,NA,NA,None,2,NA,NA
6,K,2017-07-28,4,NA,NA,NA,None,2,NA,NA
6,K,2017-07-30,4,NA,NA,NA,None,2.4,NA,NA
6,K,2017-07-31,4,NA,NA,NA,None,2.5,NA,NA
6,K,2017-08-02,5,NA,NA,NA,None,1.9,NA,NA
6,K,2017-08-05,6,NA,NA,NA,None,2,NA,NA
6,K,2017-08-07,4,NA,NA,NA,None,2.4,NA,NA
6,K,2017-08-09,6,NA,NA,NA,2 dead cots,2.4,NA,NA
6,K,2017-08-11,4,NA,NA,NA,None,2,NA,NA
6,K,2017-08-12,3,NA,NA,NA,1 leaf died,2.1,NA,NA
6,K,2017-08-14,4,NA,NA,NA,2 flattened leaves,1.3,NA,NA
6,K,2017-08-16,NA,NA,NA,NA,NA,NA,NA,NA
6,K,2017-08-18,NA,NA,NA,NA,NA,NA,NA,NA
6,K,2017-08-21,NA,NA,NA,NA,NA,NA,NA,NA
6,K,2017-08-23,NA,NA,NA,NA,NA,NA,NA,NA
6,K,2017-08-25,NA,NA,NA,NA,NA,NA,NA,NA
6,K,2017-08-28,NA,NA,NA,NA,NA,NA,NA,NA
6,L,2017-07-24,4,NA,NA,NA,Green,3.5,NA,NA
6,L,2017-07-26,4,NA,NA,NA,None,3.5,NA,NA
6,L,2017-07-28,4,NA,NA,NA,None,2.5,NA,NA
6,L,2017-07-30,4,NA,NA,NA,None,2.6,NA,NA
6,L,2017-07-31,4,NA,NA,NA,None,3.2,NA,NA
6,L,2017-08-02,5,NA,NA,NA,None,3,NA,NA
6,L,2017-08-05,5,NA,NA,NA,1 leaf was eaten,2.4,NA,NA
6,L,2017-08-07,4,NA,NA,NA,1 leaf has brown tip,2.4,NA,NA
6,L,2017-08-09,5,NA,NA,NA,1 dead cot,2.4,NA,NA
6,L,2017-08-11,4,NA,NA,NA,None,0.5,NA,NA
6,L,2017-08-12,4,NA,NA,NA,1 leaf dying,1.2,NA,NA
6,L,2017-08-14,4,NA,NA,NA,None,1,NA,NA
6,L,2017-08-16,NA,NA,NA,NA,NA,NA,NA,NA
6,L,2017-08-18,NA,NA,NA,NA,NA,NA,NA,NA
6,L,2017-08-21,NA,NA,NA,NA,NA,NA,NA,NA
6,L,2017-08-23,NA,NA,NA,NA,NA,NA,NA,NA
6,L,2017-08-25,NA,NA,NA,NA,NA,NA,NA,NA
6,L,2017-08-28,NA,NA,NA,NA,NA,NA,NA,NA
6,M,2017-07-24,6,NA,NA,NA,Purple,3.8,NA,NA
6,M,2017-07-26,6,NA,NA,NA,None,3.8,NA,NA
6,M,2017-07-28,5,NA,NA,NA,None,3.9,NA,NA
6,M,2017-07-30,5,NA,NA,NA,None,3.7,NA,NA
6,M,2017-07-31,5,NA,NA,NA,None,4,NA,NA
6,M,2017-08-02,5,NA,NA,NA,None,4,NA,NA
6,M,2017-08-05,8,NA,NA,NA,3 cots dead,3.6,NA,NA
6,M,2017-08-07,8,NA,NA,NA,2 dead cots,3,NA,NA
6,M,2017-08-09,7,NA,NA,NA,2 dead cots,3.8,NA,NA
6,M,2017-08-11,6,NA,NA,NA,None,3.5,NA,NA
6,M,2017-08-12,6,NA,NA,NA,1 edge browning,3.2,NA,NA
6,M,2017-08-14,7,NA,NA,NA,1 dying leaf,2.5,NA,NA
6,M,2017-08-16,NA,NA,NA,NA,NA,NA,NA,NA
6,M,2017-08-18,NA,NA,NA,NA,NA,NA,NA,NA
6,M,2017-08-21,NA,NA,NA,NA,NA,NA,NA,NA
6,M,2017-08-23,NA,NA,NA,NA,NA,NA,NA,NA
6,M,2017-08-25,NA,NA,NA,NA,NA,NA,NA,NA
6,M,2017-08-28,NA,NA,NA,NA,NA,NA,NA,NA
